node_id,source_id,target_id,timestamp,amount,feature_00,feature_01,feature_02,feature_03,feature_04,feature_05,feature_06,feature_07,feature_08,feature_09,feature_10,feature_11
3896837,3896837,1559450,2025-05-01 08:00:00,6376.9,1.0,4.0,-1.0,-1.0,-1.0,-1.0,-1.0,-1.0,-1.0,-1.0,0.0,-1.0
1559450,1559450,43615,2025-05-02 09:07:00,10046.9,0.0,5.0,-1.0,-1.0,-1.0,-1.0,-1.0,-1.0,-1.0,-1.0,0.0,-1.0
43615,43615,1108405,2025-05-03 10:14:00,5459.3,0.0,4.0,-1.0,-1.0,-1.0,-1.0,-1.0,-1.0,-1.0,-1.0,0.0,-1.0
1108405,1108405,1527230,2025-05-04 11:21:00,9184.2,0.0,7.0,-1.0,-1.0,-1.0,-1.0,-1.0,-1.0,-1.0,-1.0,0.0,-1.0
1527230,1527230,92386,2025-05-05 12:28:00,10838.6,0.0,5.0,-1.0,-1.0,-1.0,-1.0,-1.0,-1.0,-1.0,-1.0,0.0,-1.0
92386,92386,1712397,2025-05-06 13:35:00,5917.7,0.0,4.0,-1.0,-1.0,-1.0,-1.0,-1.0,-1.0,-1.0,-1.0,0.0,-1.0
1712397,1712397,1802927,2025-05-07 14:42:00,11960.3,0.0,3.0,-1.0,-1.0,-1.0,-1.0,-1.0,-1.0,-1.0,-1.0,0.0,-1.0
1802927,1802927,3977763,2025-05-08 15:49:00,10923.2,1.0,7.0,-1.0,-1.0,-1.0,-1.0,-1.0,-1.0,-1.0,-1.0,0.0,-1.0
3977763,3977763,2470604,2025-05-09 16:56:00,5818.3,1.0,6.0,-1.0,-1.0,-1.0,-1.0,-1.0,-1.0,-1.0,-1.0,0.0,-1.0
2470604,2470604,852216,2025-05-10 17:03:00,9331.9,0.0,4.0,0.365,0.16,0.438356,0.2,0.131,0.014,0.089,0.679389,0.0,0.561644
852216,852216,3406689,2025-05-11 18:10:00,9298.2,0.0,3.0,-1.0,-1.0,-1.0,-1.0,-1.0,-1.0,-1.0,-1.0,0.0,-1.0
3406689,3406689,486078,2025-05-12 19:17:00,4850.2,0.0,2.0,-1.0,-1.0,-1.0,-1.0,-1.0,-1.0,-1.0,-1.0,0.0,-1.0
486078,486078,3864881,2025-05-13 08:24:00,10591.4,0.0,5.0,-1.0,-1.0,-1.0,-1.0,-1.0,-1.0,-1.0,-1.0,0.0,-1.0
3864881,3864881,2268012,2025-05-14 09:31:00,8164.4,1.0,7.0,-1.0,-1.0,-1.0,-1.0,-1.0,-1.0,-1.0,-1.0,0.0,-1.0
2268012,2268012,2092034,2025-05-15 10:38:00,3751.0,0.0,7.0,0.135,0.125,0.925926,-1.0,0.049,-1.0,0.047,0.959184,0.0,0.074074
2092034,2092034,923602,2025-05-16 11:45:00,634.3,0.0,3.0,0.26,0.24,0.923077,0.3,0.598,0.1,0.594,0.993311,0.0,0.076923
923602,923602,833919,2025-05-17 12:52:00,9437.8,0.0,1.0,1.035,0.935,0.903382,1.6,1.375,0.061,1.347,0.979636,1.0,0.096618
833919,833919,2704222,2025-05-18 13:59:00,1612.6,0.0,5.0,-1.0,-1.0,-1.0,-1.0,-1.0,-1.0,-1.0,-1.0,0.0,-1.0
2704222,2704222,3170561,2025-05-19 14:06:00,9735.6,1.0,6.0,-1.0,-1.0,-1.0,-1.0,-1.0,-1.0,-1.0,-1.0,0.0,-1.0
3170561,3170561,495895,2025-05-20 15:13:00,7191.8,0.0,0.0,-1.0,-1.0,-1.0,-1.0,-1.0,-1.0,-1.0,-1.0,0.0,-1.0
495895,495895,731040,2025-05-21 16:20:00,10929.5,0.0,4.0,-1.0,-1.0,-1.0,-1.0,-1.0,-1.0,-1.0,-1.0,0.0,-1.0
731040,731040,3690811,2025-05-22 17:27:00,4967.9,1.0,2.0,0.535,0.505,0.943925,0.3,0.503,0.012,0.495,0.984095,0.0,0.056075
3690811,3690811,1435441,2025-05-23 18:34:00,122.5,0.0,7.0,0.005,0.005,1.0,-1.0,0.002,-1.0,0.002,1.0,0.0,-1.0
1435441,1435441,429423,2025-05-24 19:41:00,7255.4,0.0,5.0,0.765,0.53,0.69281,1.1,1.097,0.042,1.049,0.956244,2.0,0.30719
429423,429423,437595,2025-05-25 08:48:00,4990.7,0.0,7.0,0.02,0.02,1.0,-1.0,0.007,-1.0,0.007,1.0,0.0,-1.0
437595,437595,2833138,2025-05-26 09:55:00,11229.0,0.0,3.0,-1.0,-1.0,-1.0,-1.0,-1.0,-1.0,-1.0,-1.0,0.0,-1.0
2833138,2833138,2290144,2025-05-27 10:02:00,6740.0,0.0,5.0,0.44,0.285,0.647727,0.7,0.691,0.088,0.657,0.950796,2.0,0.352273
2290144,2290144,730399,2025-05-28 11:09:00,1664.1,0.0,5.0,-1.0,-1.0,-1.0,-1.0,-1.0,-1.0,-1.0,-1.0,0.0,-1.0
730399,730399,764117,2025-05-01 12:16:00,2609.5,0.0,8.0,0.515,0.49,0.951456,0.8,0.429,0.047,0.423,0.986014,2.0,0.048544
764117,764117,1350558,2025-05-02 13:23:00,7368.0,1.0,3.0,-1.0,-1.0,-1.0,-1.0,-1.0,-1.0,-1.0,-1.0,0.0,-1.0
1350558,1350558,1678335,2025-05-03 14:30:00,5201.6,0.0,4.0,0.66,0.57,0.863636,0.8,0.485,0.04,0.45,0.927835,1.0,0.136364
1678335,1678335,2829864,2025-05-04 15:37:00,5978.4,1.0,4.0,0.65,0.555,0.853846,1.3,0.605,0.049,0.584,0.965289,7.0,0.146154
2829864,2829864,945481,2025-05-05 16:44:00,6637.6,0.0,1.0,2.49,2.38,0.955823,3.0,1.914,0.221,1.888,0.986416,12.0,0.044177
945481,945481,3365196,2025-05-06 17:51:00,6422.4,1.0,5.0,-1.0,-1.0,-1.0,-1.0,-1.0,-1.0,-1.0,-1.0,0.0,-1.0
3365196,3365196,3590211,2025-05-07 18:58:00,7369.8,0.0,8.0,0.29,0.235,0.810345,0.1,0.414,0.004,0.402,0.971014,0.0,0.189655
3590211,3590211,3127028,2025-05-08 19:05:00,11927.2,0.0,6.0,-1.0,-1.0,-1.0,-1.0,-1.0,-1.0,-1.0,-1.0,0.0,-1.0
3127028,3127028,3229149,2025-05-09 08:12:00,2152.0,1.0,3.0,0.435,0.325,0.747126,0.1,0.462,0.001,0.437,0.945887,1.0,0.252874
3229149,3229149,2284550,2025-05-10 09:19:00,8001.6,0.0,7.0,-1.0,-1.0,-1.0,-1.0,-1.0,-1.0,-1.0,-1.0,0.0,-1.0
2284550,2284550,3188692,2025-05-11 10:26:00,4987.2,0.0,5.0,-1.0,-1.0,-1.0,-1.0,-1.0,-1.0,-1.0,-1.0,0.0,-1.0
3188692,3188692,2378505,2025-05-12 11:33:00,2314.5,1.0,3.0,-1.0,-1.0,-1.0,-1.0,-1.0,-1.0,-1.0,-1.0,0.0,-1.0
2378505,2378505,3588062,2025-05-13 12:40:00,4624.5,0.0,2.0,0.14,0.14,1.0,-1.0,0.158,-1.0,0.158,1.0,0.0,-1.0
3588062,3588062,2344945,2025-05-14 13:47:00,3987.3,0.0,5.0,-1.0,-1.0,-1.0,-1.0,-1.0,-1.0,-1.0,-1.0,0.0,-1.0
2344945,2344945,1201264,2025-05-15 14:54:00,456.3,0.0,3.0,-1.0,-1.0,-1.0,-1.0,-1.0,-1.0,-1.0,-1.0,0.0,-1.0
1201264,1201264,63288,2025-05-16 15:01:00,4838.5,0.0,2.0,1.48,1.345,0.908784,2.3,1.317,0.13,1.285,0.975702,6.0,0.091216
63288,63288,2233784,2025-05-17 16:08:00,6329.2,0.0,4.0,-1.0,-1.0,-1.0,-1.0,-1.0,-1.0,-1.0,-1.0,0.0,-1.0
2233784,2233784,3417950,2025-05-18 17:15:00,9166.3,0.0,6.0,-1.0,-1.0,-1.0,-1.0,-1.0,-1.0,-1.0,-1.0,0.0,-1.0
3417950,3417950,2958852,2025-05-19 18:22:00,10582.4,0.0,3.0,-1.0,-1.0,-1.0,-1.0,-1.0,-1.0,-1.0,-1.0,0.0,-1.0
2958852,2958852,3722221,2025-05-20 19:29:00,3921.7,0.0,3.0,-1.0,-1.0,-1.0,-1.0,-1.0,-1.0,-1.0,-1.0,0.0,-1.0
3722221,3722221,457696,2025-05-21 08:36:00,8388.9,0.0,5.0,0.585,0.44,0.752137,0.7,1.099,0.54,1.067,0.970883,1.0,0.247863
457696,457696,450634,2025-05-22 09:43:00,1648.3,1.0,3.0,-1.0,-1.0,-1.0,-1.0,-1.0,-1.0,-1.0,-1.0,0.0,-1.0
450634,450634,1660760,2025-05-23 10:50:00,11520.8,1.0,1.0,1.235,1.015,0.821862,0.9,1.61,0.013,1.553,0.964596,3.0,0.178138
1660760,1660760,1087576,2025-05-24 11:57:00,988.9,0.0,5.0,-1.0,-1.0,-1.0,-1.0,-1.0,-1.0,-1.0,-1.0,0.0,-1.0
1087576,1087576,2091207,2025-05-25 12:04:00,4210.0,0.0,6.0,-1.0,-1.0,-1.0,-1.0,-1.0,-1.0,-1.0,-1.0,0.0,-1.0
2091207,2091207,2115571,2025-05-26 13:11:00,9646.6,1.0,3.0,-1.0,-1.0,-1.0,-1.0,-1.0,-1.0,-1.0,-1.0,0.0,-1.0
2115571,2115571,1164912,2025-05-27 14:18:00,3795.3,1.0,2.0,0.205,0.15,0.731707,-1.0,0.086,-1.0,0.069,0.802326,0.0,0.268293
1164912,1164912,3956975,2025-05-28 15:25:00,2358.9,0.0,7.0,-1.0,-1.0,-1.0,-1.0,-1.0,-1.0,-1.0,-1.0,0.0,-1.0
3956975,3956975,242480,2025-05-01 16:32:00,993.9,0.0,3.0,-1.0,-1.0,-1.0,-1.0,-1.0,-1.0,-1.0,-1.0,0.0,-1.0
242480,242480,2786727,2025-05-02 17:39:00,9364.3,0.0,6.0,-1.0,-1.0,-1.0,-1.0,-1.0,-1.0,-1.0,-1.0,0.0,-1.0
2786727,2786727,993014,2025-05-03 18:46:00,3080.1,0.0,3.0,-1.0,-1.0,-1.0,-1.0,-1.0,-1.0,-1.0,-1.0,0.0,-1.0
993014,993014,1103832,2025-05-04 19:53:00,2343.9,0.0,5.0,-1.0,-1.0,-1.0,-1.0,-1.0,-1.0,-1.0,-1.0,0.0,-1.0
1103832,1103832,3592954,2025-05-05 08:00:00,4372.4,0.0,5.0,-1.0,-1.0,-1.0,-1.0,-1.0,-1.0,-1.0,-1.0,0.0,-1.0
3592954,3592954,1231260,2025-05-06 09:07:00,10125.7,0.0,7.0,0.17,0.16,0.941176,0.3,0.125,0.026,0.123,0.984,0.0,0.058824
1231260,1231260,2057801,2025-05-07 10:14:00,7859.8,1.0,1.0,-1.0,-1.0,-1.0,-1.0,-1.0,-1.0,-1.0,-1.0,0.0,-1.0
2057801,2057801,2997701,2025-05-08 11:21:00,6063.4,1.0,0.0,0.95,0.745,0.784211,0.8,0.889,0.018,0.836,0.940382,2.0,0.215789
2997701,2997701,1657026,2025-05-09 12:28:00,3695.3,0.0,3.0,-1.0,-1.0,-1.0,-1.0,-1.0,-1.0,-1.0,-1.0,0.0,-1.0
1657026,1657026,2553984,2025-05-10 13:35:00,11199.7,0.0,5.0,-1.0,-1.0,-1.0,-1.0,-1.0,-1.0,-1.0,-1.0,0.0,-1.0
2553984,2553984,1545602,2025-05-11 14:42:00,5946.2,1.0,6.0,-1.0,-1.0,-1.0,-1.0,-1.0,-1.0,-1.0,-1.0,0.0,-1.0
1545602,1545602,2874309,2025-05-12 15:49:00,6934.7,0.0,5.0,-1.0,-1.0,-1.0,-1.0,-1.0,-1.0,-1.0,-1.0,0.0,-1.0
2874309,2874309,815497,2025-05-13 16:56:00,3152.5,0.0,4.0,-1.0,-1.0,-1.0,-1.0,-1.0,-1.0,-1.0,-1.0,0.0,-1.0
815497,815497,2593714,2025-05-14 17:03:00,5550.0,0.0,4.0,-1.0,-1.0,-1.0,-1.0,-1.0,-1.0,-1.0,-1.0,0.0,-1.0
2593714,2593714,1256414,2025-05-15 18:10:00,8954.8,0.0,1.0,-1.0,-1.0,-1.0,-1.0,-1.0,-1.0,-1.0,-1.0,0.0,-1.0
1256414,1256414,607520,2025-05-16 19:17:00,4946.7,0.0,1.0,-1.0,-1.0,-1.0,-1.0,-1.0,-1.0,-1.0,-1.0,0.0,-1.0
607520,607520,2484510,2025-05-17 08:24:00,4040.8,0.0,5.0,-1.0,-1.0,-1.0,-1.0,-1.0,-1.0,-1.0,-1.0,0.0,-1.0
2484510,2484510,2523805,2025-05-18 09:31:00,905.7,0.0,6.0,-1.0,-1.0,-1.0,-1.0,-1.0,-1.0,-1.0,-1.0,0.0,-1.0
2523805,2523805,1743994,2025-05-19 10:38:00,2299.1,1.0,6.0,-1.0,-1.0,-1.0,-1.0,-1.0,-1.0,-1.0,-1.0,0.0,-1.0
1743994,1743994,2647452,2025-05-20 11:45:00,9000.3,0.0,6.0,-1.0,-1.0,-1.0,-1.0,-1.0,-1.0,-1.0,-1.0,0.0,-1.0
2647452,2647452,2638355,2025-05-21 12:52:00,3796.8,0.0,1.0,-1.0,-1.0,-1.0,-1.0,-1.0,-1.0,-1.0,-1.0,0.0,-1.0
2638355,2638355,1411011,2025-05-22 13:59:00,6139.8,0.0,4.0,-1.0,-1.0,-1.0,-1.0,-1.0,-1.0,-1.0,-1.0,0.0,-1.0
1411011,1411011,1906672,2025-05-23 14:06:00,968.9,0.0,4.0,-1.0,-1.0,-1.0,-1.0,-1.0,-1.0,-1.0,-1.0,0.0,-1.0
1906672,1906672,657791,2025-05-24 15:13:00,10916.5,0.0,4.0,-1.0,-1.0,-1.0,-1.0,-1.0,-1.0,-1.0,-1.0,0.0,-1.0
657791,657791,3515664,2025-05-25 16:20:00,10058.7,0.0,6.0,-1.0,-1.0,-1.0,-1.0,-1.0,-1.0,-1.0,-1.0,0.0,-1.0
3515664,3515664,2613340,2025-05-26 17:27:00,190.7,0.0,3.0,0.23,0.175,0.76087,0.3,0.139,0.028,0.125,0.899281,2.0,0.23913
2613340,2613340,99680,2025-05-27 18:34:00,9593.8,1.0,4.0,-1.0,-1.0,-1.0,-1.0,-1.0,-1.0,-1.0,-1.0,0.0,-1.0
99680,99680,2226441,2025-05-28 19:41:00,9053.7,0.0,3.0,-1.0,-1.0,-1.0,-1.0,-1.0,-1.0,-1.0,-1.0,0.0,-1.0
2226441,2226441,3516209,2025-05-01 08:48:00,6071.3,0.0,8.0,-1.0,-1.0,-1.0,-1.0,-1.0,-1.0,-1.0,-1.0,0.0,-1.0
3516209,3516209,951864,2025-05-02 09:55:00,2214.8,1.0,2.0,0.76,0.61,0.802632,0.2,1.363,0.003,1.329,0.975055,0.0,0.197368
951864,951864,1539858,2025-05-03 10:02:00,6140.2,0.0,6.0,-1.0,-1.0,-1.0,-1.0,-1.0,-1.0,-1.0,-1.0,0.0,-1.0
1539858,1539858,3714029,2025-05-04 11:09:00,9719.9,0.0,5.0,0.71,0.585,0.823944,0.4,1.155,0.023,1.128,0.976623,0.0,0.176056
3714029,3714029,2043174,2025-05-05 12:16:00,2154.5,0.0,2.0,-1.0,-1.0,-1.0,-1.0,-1.0,-1.0,-1.0,-1.0,0.0,-1.0
2043174,2043174,3892798,2025-05-06 13:23:00,11992.9,1.0,1.0,-1.0,-1.0,-1.0,-1.0,-1.0,-1.0,-1.0,-1.0,0.0,-1.0
3892798,3892798,2277623,2025-05-07 14:30:00,3603.6,0.0,7.0,-1.0,-1.0,-1.0,-1.0,-1.0,-1.0,-1.0,-1.0,0.0,-1.0
2277623,2277623,3613349,2025-05-08 15:37:00,3458.0,1.0,3.0,-1.0,-1.0,-1.0,-1.0,-1.0,-1.0,-1.0,-1.0,0.0,-1.0
3613349,3613349,2867646,2025-05-09 16:44:00,1646.1,1.0,6.0,-1.0,-1.0,-1.0,-1.0,-1.0,-1.0,-1.0,-1.0,0.0,-1.0
2867646,2867646,3883102,2025-05-10 17:51:00,2546.9,1.0,1.0,-1.0,-1.0,-1.0,-1.0,-1.0,-1.0,-1.0,-1.0,0.0,-1.0
3883102,3883102,3284012,2025-05-11 18:58:00,3736.0,1.0,0.0,-1.0,-1.0,-1.0,-1.0,-1.0,-1.0,-1.0,-1.0,0.0,-1.0
3284012,3284012,3888130,2025-05-12 19:05:00,7104.9,0.0,3.0,-1.0,-1.0,-1.0,-1.0,-1.0,-1.0,-1.0,-1.0,0.0,-1.0
3888130,3888130,3425590,2025-05-13 08:12:00,10343.4,1.0,8.0,-1.0,-1.0,-1.0,-1.0,-1.0,-1.0,-1.0,-1.0,0.0,-1.0
3425590,3425590,3299504,2025-05-14 09:19:00,2947.3,0.0,7.0,-1.0,-1.0,-1.0,-1.0,-1.0,-1.0,-1.0,-1.0,0.0,-1.0
3299504,3299504,1443083,2025-05-15 10:26:00,4431.0,0.0,5.0,-1.0,-1.0,-1.0,-1.0,-1.0,-1.0,-1.0,-1.0,0.0,-1.0
1443083,1443083,943833,2025-05-16 11:33:00,11675.2,1.0,7.0,-1.0,-1.0,-1.0,-1.0,-1.0,-1.0,-1.0,-1.0,0.0,-1.0
943833,943833,3108929,2025-05-17 12:40:00,452.1,0.0,3.0,-1.0,-1.0,-1.0,-1.0,-1.0,-1.0,-1.0,-1.0,0.0,-1.0
3108929,3108929,565419,2025-05-18 13:47:00,7309.2,0.0,3.0,-1.0,-1.0,-1.0,-1.0,-1.0,-1.0,-1.0,-1.0,0.0,-1.0
565419,565419,2009754,2025-05-19 14:54:00,4324.1,0.0,4.0,0.09,0.09,1.0,-1.0,0.059,-1.0,0.059,1.0,0.0,-1.0
2009754,2009754,3279677,2025-05-20 15:01:00,8365.5,0.0,6.0,-1.0,-1.0,-1.0,-1.0,-1.0,-1.0,-1.0,-1.0,0.0,-1.0
3279677,3279677,1732565,2025-05-21 16:08:00,3082.5,0.0,3.0,1.25,1.03,0.824,1.3,1.517,0.273,1.409,0.928807,4.0,0.176
1732565,1732565,32006,2025-05-22 17:15:00,2770.0,0.0,3.0,-1.0,-1.0,-1.0,-1.0,-1.0,-1.0,-1.0,-1.0,0.0,-1.0
32006,32006,3479243,2025-05-23 18:22:00,10703.6,0.0,2.0,0.445,0.43,0.966292,0.4,0.589,0.103,0.586,0.994907,1.0,0.033708
3479243,3479243,3156701,2025-05-24 19:29:00,9482.4,0.0,4.0,-1.0,-1.0,-1.0,-1.0,-1.0,-1.0,-1.0,-1.0,0.0,-1.0
3156701,3156701,3979297,2025-05-25 08:36:00,4078.9,1.0,7.0,0.02,0.02,1.0,-1.0,0.01,-1.0,0.01,1.0,0.0,-1.0
3979297,3979297,1803225,2025-05-26 09:43:00,11686.0,0.0,5.0,-1.0,-1.0,-1.0,-1.0,-1.0,-1.0,-1.0,-1.0,0.0,-1.0
1803225,1803225,3749059,2025-05-27 10:50:00,221.5,0.0,0.0,-1.0,-1.0,-1.0,-1.0,-1.0,-1.0,-1.0,-1.0,0.0,-1.0
3749059,3749059,1639769,2025-05-28 11:57:00,11809.2,0.0,3.0,0.35,0.335,0.957143,0.1,0.185,0.002,0.182,0.983784,0.0,0.042857
1639769,1639769,1451664,2025-05-01 12:04:00,7438.1,0.0,6.0,-1.0,-1.0,-1.0,-1.0,-1.0,-1.0,-1.0,-1.0,0.0,-1.0
1451664,1451664,2603712,2025-05-02 13:11:00,7451.5,0.0,1.0,-1.0,-1.0,-1.0,-1.0,-1.0,-1.0,-1.0,-1.0,0.0,-1.0
2603712,2603712,599658,2025-05-03 14:18:00,10031.0,1.0,0.0,-1.0,-1.0,-1.0,-1.0,-1.0,-1.0,-1.0,-1.0,0.0,-1.0
599658,599658,2067557,2025-05-04 15:25:00,11033.1,0.0,7.0,0.13,0.13,1.0,0.5,0.071,0.006,0.071,1.0,2.0,-1.0
2067557,2067557,3593497,2025-05-05 16:32:00,6261.3,0.0,3.0,-1.0,-1.0,-1.0,-1.0,-1.0,-1.0,-1.0,-1.0,0.0,-1.0
3593497,3593497,3805679,2025-05-06 17:39:00,241.2,0.0,2.0,-1.0,-1.0,-1.0,-1.0,-1.0,-1.0,-1.0,-1.0,0.0,-1.0
3805679,3805679,3527562,2025-05-07 18:46:00,5316.5,0.0,3.0,0.14,0.125,0.892857,0.2,0.088,0.01,0.084,0.954545,2.0,0.107143
3527562,3527562,3644720,2025-05-08 19:53:00,8285.5,1.0,2.0,0.325,0.325,1.0,0.3,0.705,0.01,0.705,1.0,0.0,-1.0
3644720,3644720,2801280,2025-05-09 08:00:00,9772.0,1.0,2.0,-1.0,-1.0,-1.0,-1.0,-1.0,-1.0,-1.0,-1.0,0.0,-1.0
2801280,2801280,225114,2025-05-10 09:07:00,9045.9,0.0,1.0,-1.0,-1.0,-1.0,-1.0,-1.0,-1.0,-1.0,-1.0,0.0,-1.0
225114,225114,2293742,2025-05-11 10:14:00,5233.6,0.0,2.0,-1.0,-1.0,-1.0,-1.0,-1.0,-1.0,-1.0,-1.0,0.0,-1.0
2293742,2293742,1736951,2025-05-12 11:21:00,3159.1,0.0,4.0,-1.0,-1.0,-1.0,-1.0,-1.0,-1.0,-1.0,-1.0,0.0,-1.0
1736951,1736951,2261465,2025-05-13 12:28:00,7034.3,0.0,5.0,0.44,0.38,0.863636,0.6,0.214,0.013,0.201,0.939252,1.0,0.136364
2261465,2261465,3248020,2025-05-14 13:35:00,3738.0,0.0,5.0,-1.0,-1.0,-1.0,-1.0,-1.0,-1.0,-1.0,-1.0,0.0,-1.0
3248020,3248020,2129049,2025-05-15 14:42:00,5993.4,1.0,7.0,-1.0,-1.0,-1.0,-1.0,-1.0,-1.0,-1.0,-1.0,0.0,-1.0
2129049,2129049,714256,2025-05-16 15:49:00,5802.6,1.0,5.0,0.575,0.36,0.626087,0.3,0.217,0.004,0.167,0.769585,1.0,0.373913
714256,714256,1963949,2025-05-17 16:56:00,3070.4,0.0,4.0,-1.0,-1.0,-1.0,-1.0,-1.0,-1.0,-1.0,-1.0,0.0,-1.0
1963949,1963949,1569221,2025-05-18 17:03:00,6936.4,0.0,3.0,0.02,0.02,1.0,-1.0,0.006,-1.0,0.006,1.0,0.0,-1.0
1569221,1569221,1223134,2025-05-19 18:10:00,10444.7,1.0,6.0,-1.0,-1.0,-1.0,-1.0,-1.0,-1.0,-1.0,-1.0,0.0,-1.0
1223134,1223134,145024,2025-05-20 19:17:00,1924.7,0.0,1.0,-1.0,-1.0,-1.0,-1.0,-1.0,-1.0,-1.0,-1.0,0.0,-1.0
145024,145024,1370174,2025-05-21 08:24:00,8919.6,1.0,4.0,-1.0,-1.0,-1.0,-1.0,-1.0,-1.0,-1.0,-1.0,0.0,-1.0
1370174,1370174,1765831,2025-05-22 09:31:00,5976.5,1.0,5.0,-1.0,-1.0,-1.0,-1.0,-1.0,-1.0,-1.0,-1.0,0.0,-1.0
1765831,1765831,975375,2025-05-23 10:38:00,5909.3,1.0,5.0,-1.0,-1.0,-1.0,-1.0,-1.0,-1.0,-1.0,-1.0,0.0,-1.0
975375,975375,218659,2025-05-24 11:45:00,9224.0,0.0,2.0,-1.0,-1.0,-1.0,-1.0,-1.0,-1.0,-1.0,-1.0,0.0,-1.0
218659,218659,3287758,2025-05-25 12:52:00,5376.7,0.0,5.0,-1.0,-1.0,-1.0,-1.0,-1.0,-1.0,-1.0,-1.0,0.0,-1.0
3287758,3287758,1700479,2025-05-26 13:59:00,9044.9,0.0,8.0,-1.0,-1.0,-1.0,-1.0,-1.0,-1.0,-1.0,-1.0,0.0,-1.0
1700479,1700479,761564,2025-05-27 14:06:00,4114.5,1.0,4.0,0.385,0.32,0.831169,0.3,0.2,0.017,0.187,0.935,1.0,0.168831
761564,761564,3427264,2025-05-28 15:13:00,10130.9,0.0,5.0,-1.0,-1.0,-1.0,-1.0,-1.0,-1.0,-1.0,-1.0,0.0,-1.0
3427264,3427264,2618062,2025-05-01 16:20:00,9222.8,0.0,7.0,-1.0,-1.0,-1.0,-1.0,-1.0,-1.0,-1.0,-1.0,0.0,-1.0
2618062,2618062,2053989,2025-05-02 17:27:00,3177.3,0.0,5.0,-1.0,-1.0,-1.0,-1.0,-1.0,-1.0,-1.0,-1.0,0.0,-1.0
2053989,2053989,1962858,2025-05-03 18:34:00,4109.1,1.0,5.0,0.615,0.555,0.902439,0.3,1.741,0.08,1.727,0.991959,0.0,0.097561
1962858,1962858,28202,2025-05-04 19:41:00,2926.3,1.0,0.0,-1.0,-1.0,-1.0,-1.0,-1.0,-1.0,-1.0,-1.0,0.0,-1.0
28202,28202,1904691,2025-05-05 08:48:00,8701.0,0.0,6.0,-1.0,-1.0,-1.0,-1.0,-1.0,-1.0,-1.0,-1.0,0.0,-1.0
1904691,1904691,2460380,2025-05-06 09:55:00,3712.2,0.0,5.0,-1.0,-1.0,-1.0,-1.0,-1.0,-1.0,-1.0,-1.0,0.0,-1.0
2460380,2460380,1181115,2025-05-07 10:02:00,7763.4,1.0,4.0,-1.0,-1.0,-1.0,-1.0,-1.0,-1.0,-1.0,-1.0,0.0,-1.0
1181115,1181115,6517,2025-05-08 11:09:00,2484.8,0.0,6.0,0.03,0.03,1.0,0.2,0.021,0.002,0.021,1.0,0.0,-1.0
6517,6517,2794870,2025-05-09 12:16:00,474.1,0.0,0.0,-1.0,-1.0,-1.0,-1.0,-1.0,-1.0,-1.0,-1.0,0.0,-1.0
2794870,2794870,2837847,2025-05-10 13:23:00,9382.1,0.0,1.0,-1.0,-1.0,-1.0,-1.0,-1.0,-1.0,-1.0,-1.0,0.0,-1.0
2837847,2837847,327103,2025-05-11 14:30:00,398.9,0.0,5.0,-1.0,-1.0,-1.0,-1.0,-1.0,-1.0,-1.0,-1.0,0.0,-1.0
327103,327103,2984713,2025-05-12 15:37:00,10648.0,0.0,3.0,-1.0,-1.0,-1.0,-1.0,-1.0,-1.0,-1.0,-1.0,0.0,-1.0
2984713,2984713,272482,2025-05-13 16:44:00,3806.9,0.0,5.0,-1.0,-1.0,-1.0,-1.0,-1.0,-1.0,-1.0,-1.0,0.0,-1.0
272482,272482,3284731,2025-05-14 17:51:00,554.1,0.0,3.0,-1.0,-1.0,-1.0,-1.0,-1.0,-1.0,-1.0,-1.0,0.0,-1.0
3284731,3284731,3020290,2025-05-15 18:58:00,9877.3,1.0,6.0,0.155,0.12,0.774194,-1.0,0.234,-1.0,0.227,0.970085,0.0,0.225806
3020290,3020290,665236,2025-05-16 19:05:00,3447.5,0.0,6.0,0.195,0.175,0.897436,0.3,0.141,0.015,0.13,0.921986,1.0,0.102564
665236,665236,3673955,2025-05-17 08:12:00,1749.6,0.0,7.0,-1.0,-1.0,-1.0,-1.0,-1.0,-1.0,-1.0,-1.0,0.0,-1.0
3673955,3673955,1042369,2025-05-18 09:19:00,10011.8,0.0,7.0,-1.0,-1.0,-1.0,-1.0,-1.0,-1.0,-1.0,-1.0,0.0,-1.0
1042369,1042369,749869,2025-05-19 10:26:00,5145.5,0.0,0.0,-1.0,-1.0,-1.0,-1.0,-1.0,-1.0,-1.0,-1.0,0.0,-1.0
749869,749869,2830698,2025-05-20 11:33:00,2897.4,0.0,5.0,-1.0,-1.0,-1.0,-1.0,-1.0,-1.0,-1.0,-1.0,0.0,-1.0
2830698,2830698,58044,2025-05-21 12:40:00,9966.6,0.0,6.0,-1.0,-1.0,-1.0,-1.0,-1.0,-1.0,-1.0,-1.0,0.0,-1.0
58044,58044,3300909,2025-05-22 13:47:00,11148.7,0.0,7.0,0.135,0.105,0.777778,0.1,0.311,0.004,0.302,0.971061,1.0,0.222222
3300909,3300909,108535,2025-05-23 14:54:00,9751.1,0.0,3.0,-1.0,-1.0,-1.0,-1.0,-1.0,-1.0,-1.0,-1.0,0.0,-1.0
108535,108535,597626,2025-05-24 15:01:00,5969.2,0.0,3.0,0.765,0.585,0.764706,0.4,0.385,0.01,0.338,0.877922,0.0,0.235294
597626,597626,3733496,2025-05-25 16:08:00,3607.8,1.0,3.0,-1.0,-1.0,-1.0,-1.0,-1.0,-1.0,-1.0,-1.0,0.0,-1.0
3733496,3733496,918769,2025-05-26 17:15:00,2328.7,0.0,3.0,2.62,2.55,0.973282,2.7,1.006,0.035,0.991,0.985089,5.0,0.026718
918769,918769,1919839,2025-05-27 18:22:00,3840.7,0.0,5.0,-1.0,-1.0,-1.0,-1.0,-1.0,-1.0,-1.0,-1.0,0.0,-1.0
1919839,1919839,3873524,2025-05-28 19:29:00,11801.6,0.0,1.0,-1.0,-1.0,-1.0,-1.0,-1.0,-1.0,-1.0,-1.0,0.0,-1.0
3873524,3873524,3429778,2025-05-01 08:36:00,4438.0,0.0,5.0,-1.0,-1.0,-1.0,-1.0,-1.0,-1.0,-1.0,-1.0,0.0,-1.0
3429778,3429778,2200013,2025-05-02 09:43:00,6579.7,0.0,7.0,0.46,0.445,0.967391,0.1,0.164,0.003,0.161,0.981707,1.0,0.032609
2200013,2200013,2939804,2025-05-03 10:50:00,4451.1,1.0,6.0,-1.0,-1.0,-1.0,-1.0,-1.0,-1.0,-1.0,-1.0,0.0,-1.0
2939804,2939804,1063066,2025-05-04 11:57:00,5679.7,0.0,0.0,-1.0,-1.0,-1.0,-1.0,-1.0,-1.0,-1.0,-1.0,0.0,-1.0
1063066,1063066,2663975,2025-05-05 12:04:00,9751.0,1.0,6.0,-1.0,-1.0,-1.0,-1.0,-1.0,-1.0,-1.0,-1.0,0.0,-1.0
2663975,2663975,3148633,2025-05-06 13:11:00,5116.2,0.0,4.0,-1.0,-1.0,-1.0,-1.0,-1.0,-1.0,-1.0,-1.0,0.0,-1.0
3148633,3148633,215534,2025-05-07 14:18:00,10352.7,0.0,3.0,1.16,1.08,0.931035,1.3,2.372,0.074,2.342,0.987352,1.0,0.068966
215534,215534,3812188,2025-05-08 15:25:00,5888.3,0.0,6.0,-1.0,-1.0,-1.0,-1.0,-1.0,-1.0,-1.0,-1.0,0.0,-1.0
3812188,3812188,864082,2025-05-09 16:32:00,5510.0,0.0,5.0,-1.0,-1.0,-1.0,-1.0,-1.0,-1.0,-1.0,-1.0,0.0,-1.0
864082,864082,3191422,2025-05-10 17:39:00,5519.7,0.0,3.0,-1.0,-1.0,-1.0,-1.0,-1.0,-1.0,-1.0,-1.0,0.0,-1.0
3191422,3191422,3673730,2025-05-11 18:46:00,679.6,0.0,5.0,-1.0,-1.0,-1.0,-1.0,-1.0,-1.0,-1.0,-1.0,0.0,-1.0
3673730,3673730,952410,2025-05-12 19:53:00,9221.1,0.0,0.0,-1.0,-1.0,-1.0,-1.0,-1.0,-1.0,-1.0,-1.0,0.0,-1.0
952410,952410,1783280,2025-05-13 08:00:00,8339.0,0.0,7.0,-1.0,-1.0,-1.0,-1.0,-1.0,-1.0,-1.0,-1.0,0.0,-1.0
1783280,1783280,414653,2025-05-14 09:07:00,10559.9,0.0,5.0,-1.0,-1.0,-1.0,-1.0,-1.0,-1.0,-1.0,-1.0,0.0,-1.0
414653,414653,2406687,2025-05-15 10:14:00,10641.9,1.0,8.0,-1.0,-1.0,-1.0,-1.0,-1.0,-1.0,-1.0,-1.0,0.0,-1.0
2406687,2406687,3601925,2025-05-16 11:21:00,1169.6,0.0,4.0,-1.0,-1.0,-1.0,-1.0,-1.0,-1.0,-1.0,-1.0,0.0,-1.0
3601925,3601925,1552898,2025-05-17 12:28:00,7552.1,0.0,3.0,0.1,0.1,1.0,0.4,0.082,0.02,0.082,1.0,1.0,-1.0
1552898,1552898,2946515,2025-05-18 13:35:00,10154.1,0.0,5.0,-1.0,-1.0,-1.0,-1.0,-1.0,-1.0,-1.0,-1.0,0.0,-1.0
2946515,2946515,1852208,2025-05-19 14:42:00,6538.9,0.0,4.0,-1.0,-1.0,-1.0,-1.0,-1.0,-1.0,-1.0,-1.0,0.0,-1.0
1852208,1852208,3084131,2025-05-20 15:49:00,1604.9,0.0,6.0,0.67,0.62,0.925373,1.2,0.757,0.106,0.746,0.985469,4.0,0.074627
3084131,3084131,2647590,2025-05-21 16:56:00,11721.9,0.0,3.0,-1.0,-1.0,-1.0,-1.0,-1.0,-1.0,-1.0,-1.0,0.0,-1.0
2647590,2647590,2479163,2025-05-22 17:03:00,4522.1,0.0,4.0,-1.0,-1.0,-1.0,-1.0,-1.0,-1.0,-1.0,-1.0,0.0,-1.0
2479163,2479163,2769971,2025-05-23 18:10:00,5344.1,0.0,5.0,-1.0,-1.0,-1.0,-1.0,-1.0,-1.0,-1.0,-1.0,0.0,-1.0
2769971,2769971,2794872,2025-05-24 19:17:00,1335.6,1.0,3.0,0.375,0.335,0.893333,0.4,0.452,0.033,0.44,0.973451,1.0,0.106667
2794872,2794872,2597587,2025-05-25 08:24:00,9471.2,0.0,3.0,-1.0,-1.0,-1.0,-1.0,-1.0,-1.0,-1.0,-1.0,0.0,-1.0
2597587,2597587,2492305,2025-05-26 09:31:00,11518.6,0.0,6.0,-1.0,-1.0,-1.0,-1.0,-1.0,-1.0,-1.0,-1.0,0.0,-1.0
2492305,2492305,3047823,2025-05-27 10:38:00,5977.1,0.0,3.0,0.095,0.09,0.947368,0.3,0.082,0.016,0.081,0.987805,1.0,0.052632
3047823,3047823,1814656,2025-05-28 11:45:00,9395.6,0.0,2.0,0.185,0.185,1.0,0.3,0.132,0.031,0.132,1.0,1.0,-1.0
1814656,1814656,570708,2025-05-01 12:52:00,6679.6,1.0,4.0,0.145,0.145,1.0,0.1,0.054,0.003,0.054,1.0,0.0,-1.0
570708,570708,995891,2025-05-02 13:59:00,12073.9,0.0,7.0,-1.0,-1.0,-1.0,-1.0,-1.0,-1.0,-1.0,-1.0,0.0,-1.0
995891,995891,3085581,2025-05-03 14:06:00,1252.9,0.0,3.0,-1.0,-1.0,-1.0,-1.0,-1.0,-1.0,-1.0,-1.0,0.0,-1.0
3085581,3085581,3559469,2025-05-04 15:13:00,5107.8,0.0,6.0,-1.0,-1.0,-1.0,-1.0,-1.0,-1.0,-1.0,-1.0,0.0,-1.0
3559469,3559469,3578827,2025-05-05 16:20:00,6495.3,0.0,1.0,-1.0,-1.0,-1.0,-1.0,-1.0,-1.0,-1.0,-1.0,0.0,-1.0
3578827,3578827,572328,2025-05-06 17:27:00,6121.8,0.0,4.0,-1.0,-1.0,-1.0,-1.0,-1.0,-1.0,-1.0,-1.0,0.0,-1.0
572328,572328,2873653,2025-05-07 18:34:00,6077.4,0.0,5.0,-1.0,-1.0,-1.0,-1.0,-1.0,-1.0,-1.0,-1.0,0.0,-1.0
2873653,2873653,46230,2025-05-08 19:41:00,981.8,1.0,1.0,-1.0,-1.0,-1.0,-1.0,-1.0,-1.0,-1.0,-1.0,0.0,-1.0
46230,46230,205695,2025-05-09 08:48:00,3518.6,0.0,5.0,0.485,0.475,0.979381,1.2,0.579,0.039,0.575,0.993092,4.0,0.020619
205695,205695,3256269,2025-05-10 09:55:00,5541.0,0.0,3.0,-1.0,-1.0,-1.0,-1.0,-1.0,-1.0,-1.0,-1.0,0.0,-1.0
3256269,3256269,3583183,2025-05-11 10:02:00,666.7,0.0,0.0,-1.0,-1.0,-1.0,-1.0,-1.0,-1.0,-1.0,-1.0,0.0,-1.0
3583183,3583183,3875667,2025-05-12 11:09:00,10250.4,1.0,5.0,-1.0,-1.0,-1.0,-1.0,-1.0,-1.0,-1.0,-1.0,0.0,-1.0
3875667,3875667,1230840,2025-05-13 12:16:00,443.1,0.0,5.0,-1.0,-1.0,-1.0,-1.0,-1.0,-1.0,-1.0,-1.0,0.0,-1.0
1230840,1230840,3229564,2025-05-14 13:23:00,6585.1,0.0,2.0,-1.0,-1.0,-1.0,-1.0,-1.0,-1.0,-1.0,-1.0,0.0,-1.0
3229564,3229564,806811,2025-05-15 14:30:00,9865.8,0.0,7.0,-1.0,-1.0,-1.0,-1.0,-1.0,-1.0,-1.0,-1.0,0.0,-1.0
806811,806811,941770,2025-05-16 15:37:00,9681.6,0.0,7.0,-1.0,-1.0,-1.0,-1.0,-1.0,-1.0,-1.0,-1.0,0.0,-1.0
941770,941770,1809413,2025-05-17 16:44:00,5031.8,0.0,1.0,-1.0,-1.0,-1.0,-1.0,-1.0,-1.0,-1.0,-1.0,0.0,-1.0
1809413,1809413,1630033,2025-05-18 17:51:00,11312.8,0.0,0.0,-1.0,-1.0,-1.0,-1.0,-1.0,-1.0,-1.0,-1.0,0.0,-1.0
1630033,1630033,1849263,2025-05-19 18:58:00,7608.7,1.0,6.0,-1.0,-1.0,-1.0,-1.0,-1.0,-1.0,-1.0,-1.0,0.0,-1.0
1849263,1849263,1496444,2025-05-20 19:05:00,2761.6,0.0,5.0,0.24,0.16,0.666667,0.1,0.088,0.005,0.072,0.818182,0.0,0.333333
1496444,1496444,3694404,2025-05-21 08:12:00,5333.2,0.0,5.0,-1.0,-1.0,-1.0,-1.0,-1.0,-1.0,-1.0,-1.0,0.0,-1.0
3694404,3694404,12683,2025-05-22 09:19:00,1787.1,0.0,4.0,0.15,0.14,0.933333,0.6,0.143,0.057,0.141,0.986014,1.0,0.066667
12683,12683,471716,2025-05-23 10:26:00,11421.3,0.0,6.0,-1.0,-1.0,-1.0,-1.0,-1.0,-1.0,-1.0,-1.0,0.0,-1.0
471716,471716,758426,2025-05-24 11:33:00,5845.3,0.0,4.0,-1.0,-1.0,-1.0,-1.0,-1.0,-1.0,-1.0,-1.0,0.0,-1.0
758426,758426,1268940,2025-05-25 12:40:00,10674.2,0.0,3.0,-1.0,-1.0,-1.0,-1.0,-1.0,-1.0,-1.0,-1.0,0.0,-1.0
1268940,1268940,3913938,2025-05-26 13:47:00,3577.9,0.0,3.0,-1.0,-1.0,-1.0,-1.0,-1.0,-1.0,-1.0,-1.0,0.0,-1.0
3913938,3913938,2381220,2025-05-27 14:54:00,10072.4,0.0,5.0,-1.0,-1.0,-1.0,-1.0,-1.0,-1.0,-1.0,-1.0,0.0,-1.0
2381220,2381220,2404590,2025-05-28 15:01:00,3017.7,0.0,4.0,-1.0,-1.0,-1.0,-1.0,-1.0,-1.0,-1.0,-1.0,0.0,-1.0
2404590,2404590,2540477,2025-05-01 16:08:00,5488.6,0.0,7.0,-1.0,-1.0,-1.0,-1.0,-1.0,-1.0,-1.0,-1.0,0.0,-1.0
2540477,2540477,1915735,2025-05-02 17:15:00,4272.4,1.0,1.0,-1.0,-1.0,-1.0,-1.0,-1.0,-1.0,-1.0,-1.0,0.0,-1.0
1915735,1915735,3088491,2025-05-03 18:22:00,8728.9,0.0,7.0,-1.0,-1.0,-1.0,-1.0,-1.0,-1.0,-1.0,-1.0,0.0,-1.0
3088491,3088491,911216,2025-05-04 19:29:00,3928.0,0.0,5.0,-1.0,-1.0,-1.0,-1.0,-1.0,-1.0,-1.0,-1.0,0.0,-1.0
911216,911216,93407,2025-05-05 08:36:00,12012.4,0.0,3.0,-1.0,-1.0,-1.0,-1.0,-1.0,-1.0,-1.0,-1.0,0.0,-1.0
93407,93407,2536511,2025-05-06 09:43:00,10121.0,0.0,7.0,-1.0,-1.0,-1.0,-1.0,-1.0,-1.0,-1.0,-1.0,0.0,-1.0
2536511,2536511,391013,2025-05-07 10:50:00,1607.7,0.0,1.0,-1.0,-1.0,-1.0,-1.0,-1.0,-1.0,-1.0,-1.0,0.0,-1.0
391013,391013,1621726,2025-05-08 11:57:00,7267.0,0.0,7.0,-1.0,-1.0,-1.0,-1.0,-1.0,-1.0,-1.0,-1.0,0.0,-1.0
1621726,1621726,1585551,2025-05-09 12:04:00,907.0,0.0,5.0,-1.0,-1.0,-1.0,-1.0,-1.0,-1.0,-1.0,-1.0,0.0,-1.0
1585551,1585551,1886766,2025-05-10 13:11:00,11061.4,1.0,4.0,0.435,0.285,0.655172,-1.0,0.296,-1.0,0.229,0.773649,0.0,0.344828
1886766,1886766,2237876,2025-05-11 14:18:00,9558.8,0.0,3.0,-1.0,-1.0,-1.0,-1.0,-1.0,-1.0,-1.0,-1.0,0.0,-1.0
2237876,2237876,1102630,2025-05-12 15:25:00,667.7,0.0,4.0,-1.0,-1.0,-1.0,-1.0,-1.0,-1.0,-1.0,-1.0,0.0,-1.0
1102630,1102630,2551748,2025-05-13 16:32:00,259.4,1.0,5.0,0.09,0.065,0.722222,0.1,0.024,0.002,0.019,0.791667,1.0,0.277778
2551748,2551748,2052901,2025-05-14 17:39:00,9997.9,0.0,3.0,-1.0,-1.0,-1.0,-1.0,-1.0,-1.0,-1.0,-1.0,0.0,-1.0
2052901,2052901,3768131,2025-05-15 18:46:00,265.9,0.0,7.0,-1.0,-1.0,-1.0,-1.0,-1.0,-1.0,-1.0,-1.0,0.0,-1.0
3768131,3768131,524265,2025-05-16 19:53:00,10618.8,0.0,5.0,-1.0,-1.0,-1.0,-1.0,-1.0,-1.0,-1.0,-1.0,0.0,-1.0
524265,524265,3973021,2025-05-17 08:00:00,8316.5,1.0,5.0,-1.0,-1.0,-1.0,-1.0,-1.0,-1.0,-1.0,-1.0,0.0,-1.0
3973021,3973021,2978780,2025-05-18 09:07:00,715.6,0.0,4.0,-1.0,-1.0,-1.0,-1.0,-1.0,-1.0,-1.0,-1.0,0.0,-1.0
2978780,2978780,192185,2025-05-19 10:14:00,6025.8,0.0,0.0,-1.0,-1.0,-1.0,-1.0,-1.0,-1.0,-1.0,-1.0,0.0,-1.0
192185,192185,1279812,2025-05-20 11:21:00,3626.2,1.0,3.0,0.505,0.475,0.940594,1.0,0.949,0.258,0.939,0.989463,4.0,0.059406
1279812,1279812,1059313,2025-05-21 12:28:00,7848.0,0.0,5.0,0.27,0.225,0.833333,0.4,0.422,0.017,0.406,0.962085,0.0,0.166667
1059313,1059313,3872575,2025-05-22 13:35:00,8003.6,0.0,7.0,-1.0,-1.0,-1.0,-1.0,-1.0,-1.0,-1.0,-1.0,0.0,-1.0
3872575,3872575,76849,2025-05-23 14:42:00,1074.9,0.0,5.0,-1.0,-1.0,-1.0,-1.0,-1.0,-1.0,-1.0,-1.0,0.0,-1.0
76849,76849,3928498,2025-05-24 15:49:00,8890.6,0.0,5.0,0.545,0.345,0.633027,-1.0,0.377,-1.0,0.329,0.872679,0.0,0.366972
3928498,3928498,3305125,2025-05-25 16:56:00,3993.8,1.0,3.0,-1.0,-1.0,-1.0,-1.0,-1.0,-1.0,-1.0,-1.0,0.0,-1.0
3305125,3305125,3645880,2025-05-26 17:03:00,1515.6,1.0,1.0,0.44,0.44,1.0,0.6,0.737,0.022,0.737,1.0,2.0,-1.0
3645880,3645880,1066862,2025-05-27 18:10:00,2311.0,0.0,5.0,-1.0,-1.0,-1.0,-1.0,-1.0,-1.0,-1.0,-1.0,0.0,-1.0
1066862,1066862,2454496,2025-05-28 19:17:00,11946.3,1.0,6.0,-1.0,-1.0,-1.0,-1.0,-1.0,-1.0,-1.0,-1.0,0.0,-1.0
2454496,2454496,3774128,2025-05-01 08:24:00,10194.0,0.0,1.0,0.895,0.805,0.899441,0.8,1.513,0.054,1.491,0.985459,1.0,0.100559
3774128,3774128,1863134,2025-05-02 09:31:00,8834.3,0.0,7.0,-1.0,-1.0,-1.0,-1.0,-1.0,-1.0,-1.0,-1.0,0.0,-1.0
1863134,1863134,1508507,2025-05-03 10:38:00,6158.4,0.0,7.0,-1.0,-1.0,-1.0,-1.0,-1.0,-1.0,-1.0,-1.0,0.0,-1.0
1508507,1508507,2219581,2025-05-04 11:45:00,2040.4,1.0,6.0,-1.0,-1.0,-1.0,-1.0,-1.0,-1.0,-1.0,-1.0,0.0,-1.0
2219581,2219581,1801675,2025-05-05 12:52:00,5016.1,0.0,3.0,-1.0,-1.0,-1.0,-1.0,-1.0,-1.0,-1.0,-1.0,0.0,-1.0
1801675,1801675,266212,2025-05-06 13:59:00,6765.8,1.0,3.0,-1.0,-1.0,-1.0,-1.0,-1.0,-1.0,-1.0,-1.0,0.0,-1.0
266212,266212,3289632,2025-05-07 14:06:00,1554.6,1.0,3.0,-1.0,-1.0,-1.0,-1.0,-1.0,-1.0,-1.0,-1.0,0.0,-1.0
3289632,3289632,458962,2025-05-08 15:13:00,4210.5,1.0,7.0,-1.0,-1.0,-1.0,-1.0,-1.0,-1.0,-1.0,-1.0,0.0,-1.0
458962,458962,2579099,2025-05-09 16:20:00,6733.4,0.0,3.0,-1.0,-1.0,-1.0,-1.0,-1.0,-1.0,-1.0,-1.0,0.0,-1.0
2579099,2579099,127886,2025-05-10 17:27:00,3242.2,0.0,2.0,1.225,0.78,0.636735,1.0,1.097,0.297,1.006,0.917046,0.0,0.363265
127886,127886,3812002,2025-05-11 18:34:00,5756.0,0.0,3.0,-1.0,-1.0,-1.0,-1.0,-1.0,-1.0,-1.0,-1.0,0.0,-1.0
3812002,3812002,3883091,2025-05-12 19:41:00,4987.1,0.0,8.0,-1.0,-1.0,-1.0,-1.0,-1.0,-1.0,-1.0,-1.0,0.0,-1.0
3883091,3883091,2060295,2025-05-13 08:48:00,4018.3,0.0,4.0,-1.0,-1.0,-1.0,-1.0,-1.0,-1.0,-1.0,-1.0,0.0,-1.0
2060295,2060295,3226907,2025-05-14 09:55:00,3675.0,1.0,1.0,-1.0,-1.0,-1.0,-1.0,-1.0,-1.0,-1.0,-1.0,0.0,-1.0
3226907,3226907,3987747,2025-05-15 10:02:00,141.3,0.0,6.0,-1.0,-1.0,-1.0,-1.0,-1.0,-1.0,-1.0,-1.0,0.0,-1.0
3987747,3987747,2264091,2025-05-16 11:09:00,7251.2,0.0,3.0,1.135,0.885,0.779736,0.7,0.855,0.114,0.798,0.933333,3.0,0.220264
2264091,2264091,530503,2025-05-17 12:16:00,1725.9,0.0,0.0,1.08,0.94,0.87037,0.9,1.569,0.207,1.428,0.910134,2.0,0.12963
530503,530503,2952178,2025-05-18 13:23:00,7452.2,0.0,5.0,-1.0,-1.0,-1.0,-1.0,-1.0,-1.0,-1.0,-1.0,0.0,-1.0
2952178,2952178,1905188,2025-05-19 14:30:00,3651.6,0.0,5.0,-1.0,-1.0,-1.0,-1.0,-1.0,-1.0,-1.0,-1.0,0.0,-1.0
1905188,1905188,764634,2025-05-20 15:37:00,5790.5,0.0,4.0,-1.0,-1.0,-1.0,-1.0,-1.0,-1.0,-1.0,-1.0,0.0,-1.0
764634,764634,3960526,2025-05-21 16:44:00,9742.6,0.0,2.0,-1.0,-1.0,-1.0,-1.0,-1.0,-1.0,-1.0,-1.0,0.0,-1.0
3960526,3960526,3261033,2025-05-22 17:51:00,2544.9,0.0,3.0,-1.0,-1.0,-1.0,-1.0,-1.0,-1.0,-1.0,-1.0,0.0,-1.0
3261033,3261033,1650037,2025-05-23 18:58:00,6422.7,0.0,5.0,0.06,0.06,1.0,0.1,0.046,0.002,0.046,1.0,0.0,-1.0
1650037,1650037,2268543,2025-05-24 19:05:00,9739.4,0.0,3.0,-1.0,-1.0,-1.0,-1.0,-1.0,-1.0,-1.0,-1.0,0.0,-1.0
2268543,2268543,3192855,2025-05-25 08:12:00,6213.5,1.0,6.0,-1.0,-1.0,-1.0,-1.0,-1.0,-1.0,-1.0,-1.0,0.0,-1.0
3192855,3192855,3365733,2025-05-26 09:19:00,6169.8,0.0,6.0,-1.0,-1.0,-1.0,-1.0,-1.0,-1.0,-1.0,-1.0,0.0,-1.0
3365733,3365733,1604872,2025-05-27 10:26:00,9820.3,0.0,0.0,-1.0,-1.0,-1.0,-1.0,-1.0,-1.0,-1.0,-1.0,0.0,-1.0
1604872,1604872,1846941,2025-05-28 11:33:00,10636.5,0.0,3.0,-1.0,-1.0,-1.0,-1.0,-1.0,-1.0,-1.0,-1.0,0.0,-1.0
1846941,1846941,555084,2025-05-01 12:40:00,6293.7,0.0,4.0,-1.0,-1.0,-1.0,-1.0,-1.0,-1.0,-1.0,-1.0,0.0,-1.0
555084,555084,2675845,2025-05-02 13:47:00,2424.7,0.0,3.0,0.32,0.265,0.828125,0.5,0.257,0.017,0.245,0.953307,2.0,0.171875
2675845,2675845,1447498,2025-05-03 14:54:00,1242.3,0.0,7.0,-1.0,-1.0,-1.0,-1.0,-1.0,-1.0,-1.0,-1.0,0.0,-1.0
1447498,1447498,1269561,2025-05-04 15:01:00,4360.3,0.0,1.0,-1.0,-1.0,-1.0,-1.0,-1.0,-1.0,-1.0,-1.0,0.0,-1.0
1269561,1269561,1893619,2025-05-05 16:08:00,5995.3,0.0,3.0,-1.0,-1.0,-1.0,-1.0,-1.0,-1.0,-1.0,-1.0,0.0,-1.0
1893619,1893619,3058237,2025-05-06 17:15:00,11011.8,0.0,0.0,0.505,0.43,0.851485,0.3,0.87,0.011,0.853,0.98046,0.0,0.148515
3058237,3058237,2225864,2025-05-07 18:22:00,100.3,0.0,2.0,-1.0,-1.0,-1.0,-1.0,-1.0,-1.0,-1.0,-1.0,0.0,-1.0
2225864,2225864,305467,2025-05-08 19:29:00,4322.1,0.0,6.0,-1.0,-1.0,-1.0,-1.0,-1.0,-1.0,-1.0,-1.0,0.0,-1.0
305467,305467,2056289,2025-05-09 08:36:00,2855.1,0.0,8.0,0.385,0.36,0.935065,0.1,1.077,0.001,1.07,0.9935,0.0,0.064935
2056289,2056289,457687,2025-05-10 09:43:00,898.4,1.0,6.0,0.315,0.245,0.777778,0.3,0.148,0.004,0.124,0.837838,0.0,0.222222
457687,457687,943873,2025-05-11 10:50:00,2072.9,0.0,2.0,0.295,0.21,0.711864,0.3,0.246,0.01,0.229,0.930894,0.0,0.288136
943873,943873,1597122,2025-05-12 11:57:00,963.0,0.0,7.0,0.075,0.07,0.933333,0.4,0.061,0.043,0.06,0.983607,0.0,0.066667
1597122,1597122,717847,2025-05-13 12:04:00,5986.2,1.0,1.0,-1.0,-1.0,-1.0,-1.0,-1.0,-1.0,-1.0,-1.0,0.0,-1.0
717847,717847,584120,2025-05-14 13:11:00,4670.6,1.0,1.0,-1.0,-1.0,-1.0,-1.0,-1.0,-1.0,-1.0,-1.0,0.0,-1.0
584120,584120,944891,2025-05-15 14:18:00,1882.6,0.0,6.0,-1.0,-1.0,-1.0,-1.0,-1.0,-1.0,-1.0,-1.0,0.0,-1.0
944891,944891,1209167,2025-05-16 15:25:00,4737.2,0.0,4.0,-1.0,-1.0,-1.0,-1.0,-1.0,-1.0,-1.0,-1.0,0.0,-1.0
1209167,1209167,1080152,2025-05-17 16:32:00,10560.3,0.0,4.0,-1.0,-1.0,-1.0,-1.0,-1.0,-1.0,-1.0,-1.0,0.0,-1.0
1080152,1080152,2750173,2025-05-18 17:39:00,1206.7,0.0,5.0,-1.0,-1.0,-1.0,-1.0,-1.0,-1.0,-1.0,-1.0,0.0,-1.0
2750173,2750173,3035073,2025-05-19 18:46:00,286.3,0.0,6.0,-1.0,-1.0,-1.0,-1.0,-1.0,-1.0,-1.0,-1.0,0.0,-1.0
3035073,3035073,3111187,2025-05-20 19:53:00,10418.2,0.0,2.0,-1.0,-1.0,-1.0,-1.0,-1.0,-1.0,-1.0,-1.0,0.0,-1.0
3111187,3111187,2687765,2025-05-21 08:00:00,4041.9,0.0,2.0,-1.0,-1.0,-1.0,-1.0,-1.0,-1.0,-1.0,-1.0,0.0,-1.0
2687765,2687765,3611035,2025-05-22 09:07:00,9382.4,0.0,1.0,-1.0,-1.0,-1.0,-1.0,-1.0,-1.0,-1.0,-1.0,0.0,-1.0
3611035,3611035,1039050,2025-05-23 10:14:00,5483.3,1.0,5.0,-1.0,-1.0,-1.0,-1.0,-1.0,-1.0,-1.0,-1.0,0.0,-1.0
1039050,1039050,3964828,2025-05-24 11:21:00,5140.7,0.0,4.0,0.82,0.735,0.896341,0.9,1.569,0.119,1.552,0.989165,1.0,0.103659
3964828,3964828,84334,2025-05-25 12:28:00,6521.2,1.0,6.0,-1.0,-1.0,-1.0,-1.0,-1.0,-1.0,-1.0,-1.0,0.0,-1.0
84334,84334,740125,2025-05-26 13:35:00,695.3,0.0,5.0,0.08,0.075,0.9375,-1.0,0.066,-1.0,0.065,0.984848,0.0,0.0625
740125,740125,3757540,2025-05-27 14:42:00,3123.9,0.0,2.0,0.215,0.21,0.976744,0.4,0.291,0.004,0.29,0.996564,2.0,0.023256
3757540,3757540,1641053,2025-05-28 15:49:00,7561.3,0.0,2.0,-1.0,-1.0,-1.0,-1.0,-1.0,-1.0,-1.0,-1.0,0.0,-1.0
1641053,1641053,3658418,2025-05-01 16:56:00,561.3,0.0,0.0,-1.0,-1.0,-1.0,-1.0,-1.0,-1.0,-1.0,-1.0,0.0,-1.0
3658418,3658418,1208645,2025-05-02 17:03:00,813.7,0.0,3.0,-1.0,-1.0,-1.0,-1.0,-1.0,-1.0,-1.0,-1.0,0.0,-1.0
1208645,1208645,2603585,2025-05-03 18:10:00,8655.5,0.0,7.0,0.215,0.175,0.813953,0.1,0.116,0.002,0.108,0.931035,0.0,0.186047
2603585,2603585,2083665,2025-05-04 19:17:00,9935.4,0.0,3.0,0.81,0.765,0.944444,0.9,2.707,0.362,2.697,0.996306,2.0,0.055556
2083665,2083665,940293,2025-05-05 08:24:00,6233.3,0.0,6.0,-1.0,-1.0,-1.0,-1.0,-1.0,-1.0,-1.0,-1.0,0.0,-1.0
940293,940293,722628,2025-05-06 09:31:00,11758.8,0.0,2.0,-1.0,-1.0,-1.0,-1.0,-1.0,-1.0,-1.0,-1.0,0.0,-1.0
722628,722628,3546146,2025-05-07 10:38:00,10400.2,0.0,5.0,0.095,0.09,0.947368,0.3,0.062,0.007,0.06,0.967742,2.0,0.052632
3546146,3546146,2977817,2025-05-08 11:45:00,5418.7,0.0,8.0,-1.0,-1.0,-1.0,-1.0,-1.0,-1.0,-1.0,-1.0,0.0,-1.0
2977817,2977817,1922376,2025-05-09 12:52:00,2603.3,0.0,5.0,-1.0,-1.0,-1.0,-1.0,-1.0,-1.0,-1.0,-1.0,0.0,-1.0
1922376,1922376,595776,2025-05-10 13:59:00,9473.5,0.0,6.0,0.41,0.4,0.97561,0.7,0.267,0.02,0.265,0.992509,1.0,0.02439
595776,595776,1009948,2025-05-11 14:06:00,9055.4,0.0,0.0,0.41,0.35,0.853659,0.2,0.502,0.06,0.49,0.976096,0.0,0.146341
1009948,1009948,605552,2025-05-12 15:13:00,5493.7,0.0,2.0,1.055,0.91,0.862559,0.4,1.406,0.385,1.374,0.97724,1.0,0.137441
605552,605552,436532,2025-05-13 16:20:00,9230.4,0.0,0.0,-1.0,-1.0,-1.0,-1.0,-1.0,-1.0,-1.0,-1.0,0.0,-1.0
436532,436532,1482509,2025-05-14 17:27:00,7858.3,0.0,7.0,-1.0,-1.0,-1.0,-1.0,-1.0,-1.0,-1.0,-1.0,0.0,-1.0
1482509,1482509,677374,2025-05-15 18:34:00,1975.1,0.0,0.0,-1.0,-1.0,-1.0,-1.0,-1.0,-1.0,-1.0,-1.0,0.0,-1.0
677374,677374,3927196,2025-05-16 19:41:00,10977.5,1.0,2.0,-1.0,-1.0,-1.0,-1.0,-1.0,-1.0,-1.0,-1.0,0.0,-1.0
3927196,3927196,2768563,2025-05-17 08:48:00,11320.8,0.0,4.0,-1.0,-1.0,-1.0,-1.0,-1.0,-1.0,-1.0,-1.0,0.0,-1.0
2768563,2768563,582860,2025-05-18 09:55:00,8380.6,1.0,5.0,-1.0,-1.0,-1.0,-1.0,-1.0,-1.0,-1.0,-1.0,0.0,-1.0
582860,582860,523299,2025-05-19 10:02:00,9281.4,0.0,5.0,-1.0,-1.0,-1.0,-1.0,-1.0,-1.0,-1.0,-1.0,0.0,-1.0
523299,523299,22360,2025-05-20 11:09:00,4907.6,0.0,3.0,-1.0,-1.0,-1.0,-1.0,-1.0,-1.0,-1.0,-1.0,0.0,-1.0
22360,22360,3192310,2025-05-21 12:16:00,11435.2,0.0,6.0,-1.0,-1.0,-1.0,-1.0,-1.0,-1.0,-1.0,-1.0,0.0,-1.0
3192310,3192310,1041963,2025-05-22 13:23:00,4252.1,0.0,5.0,-1.0,-1.0,-1.0,-1.0,-1.0,-1.0,-1.0,-1.0,0.0,-1.0
1041963,1041963,912231,2025-05-23 14:30:00,3970.1,0.0,7.0,0.22,0.19,0.863636,0.4,0.121,0.006,0.115,0.950413,0.0,0.136364
912231,912231,2969782,2025-05-24 15:37:00,3963.6,0.0,4.0,-1.0,-1.0,-1.0,-1.0,-1.0,-1.0,-1.0,-1.0,0.0,-1.0
2969782,2969782,1054258,2025-05-25 16:44:00,8904.2,0.0,6.0,0.415,0.255,0.614458,0.1,0.416,0.001,0.383,0.920673,0.0,0.385542
1054258,1054258,3296183,2025-05-26 17:51:00,1467.3,0.0,4.0,-1.0,-1.0,-1.0,-1.0,-1.0,-1.0,-1.0,-1.0,0.0,-1.0
3296183,3296183,3005682,2025-05-27 18:58:00,4591.7,0.0,4.0,-1.0,-1.0,-1.0,-1.0,-1.0,-1.0,-1.0,-1.0,0.0,-1.0
3005682,3005682,641610,2025-05-28 19:05:00,9739.9,1.0,2.0,-1.0,-1.0,-1.0,-1.0,-1.0,-1.0,-1.0,-1.0,0.0,-1.0
641610,641610,1059718,2025-05-01 08:12:00,10675.4,0.0,5.0,-1.0,-1.0,-1.0,-1.0,-1.0,-1.0,-1.0,-1.0,0.0,-1.0
1059718,1059718,3964778,2025-05-02 09:19:00,9676.9,0.0,3.0,-1.0,-1.0,-1.0,-1.0,-1.0,-1.0,-1.0,-1.0,0.0,-1.0
3964778,3964778,3271286,2025-05-03 10:26:00,6400.8,0.0,5.0,-1.0,-1.0,-1.0,-1.0,-1.0,-1.0,-1.0,-1.0,0.0,-1.0
3271286,3271286,3781145,2025-05-04 11:33:00,8482.3,0.0,4.0,-1.0,-1.0,-1.0,-1.0,-1.0,-1.0,-1.0,-1.0,0.0,-1.0
3781145,3781145,3222081,2025-05-05 12:40:00,10962.5,0.0,6.0,-1.0,-1.0,-1.0,-1.0,-1.0,-1.0,-1.0,-1.0,0.0,-1.0
3222081,3222081,1061886,2025-05-06 13:47:00,6427.6,0.0,6.0,-1.0,-1.0,-1.0,-1.0,-1.0,-1.0,-1.0,-1.0,0.0,-1.0
1061886,1061886,3992120,2025-05-07 14:54:00,5708.0,0.0,6.0,-1.0,-1.0,-1.0,-1.0,-1.0,-1.0,-1.0,-1.0,0.0,-1.0
3992120,3992120,2511007,2025-05-08 15:01:00,11575.7,0.0,5.0,-1.0,-1.0,-1.0,-1.0,-1.0,-1.0,-1.0,-1.0,0.0,-1.0
2511007,2511007,858071,2025-05-09 16:08:00,3459.5,0.0,6.0,-1.0,-1.0,-1.0,-1.0,-1.0,-1.0,-1.0,-1.0,0.0,-1.0
858071,858071,942578,2025-05-10 17:15:00,7598.2,0.0,4.0,-1.0,-1.0,-1.0,-1.0,-1.0,-1.0,-1.0,-1.0,0.0,-1.0
942578,942578,627027,2025-05-11 18:22:00,8276.0,0.0,3.0,0.54,0.435,0.805556,0.6,1.191,0.043,1.168,0.980689,2.0,0.194444
627027,627027,1513864,2025-05-12 19:29:00,4739.2,1.0,6.0,0.245,0.195,0.795918,0.2,0.148,0.008,0.127,0.858108,0.0,0.204082
1513864,1513864,102436,2025-05-13 08:36:00,10038.0,0.0,5.0,-1.0,-1.0,-1.0,-1.0,-1.0,-1.0,-1.0,-1.0,0.0,-1.0
102436,102436,746660,2025-05-14 09:43:00,7756.3,0.0,6.0,-1.0,-1.0,-1.0,-1.0,-1.0,-1.0,-1.0,-1.0,0.0,-1.0
746660,746660,2138553,2025-05-15 10:50:00,3387.0,0.0,4.0,-1.0,-1.0,-1.0,-1.0,-1.0,-1.0,-1.0,-1.0,0.0,-1.0
2138553,2138553,2157098,2025-05-16 11:57:00,5393.0,0.0,5.0,-1.0,-1.0,-1.0,-1.0,-1.0,-1.0,-1.0,-1.0,0.0,-1.0
2157098,2157098,3892612,2025-05-17 12:04:00,2011.4,0.0,3.0,-1.0,-1.0,-1.0,-1.0,-1.0,-1.0,-1.0,-1.0,0.0,-1.0
3892612,3892612,919122,2025-05-18 13:11:00,3415.1,0.0,7.0,-1.0,-1.0,-1.0,-1.0,-1.0,-1.0,-1.0,-1.0,0.0,-1.0
919122,919122,3074356,2025-05-19 14:18:00,5504.0,0.0,5.0,-1.0,-1.0,-1.0,-1.0,-1.0,-1.0,-1.0,-1.0,0.0,-1.0
3074356,3074356,769085,2025-05-20 15:25:00,11871.7,0.0,4.0,-1.0,-1.0,-1.0,-1.0,-1.0,-1.0,-1.0,-1.0,0.0,-1.0
769085,769085,440548,2025-05-21 16:32:00,2370.9,0.0,6.0,-1.0,-1.0,-1.0,-1.0,-1.0,-1.0,-1.0,-1.0,0.0,-1.0
440548,440548,2050353,2025-05-22 17:39:00,10785.9,0.0,6.0,-1.0,-1.0,-1.0,-1.0,-1.0,-1.0,-1.0,-1.0,0.0,-1.0
2050353,2050353,1070714,2025-05-23 18:46:00,3066.3,0.0,3.0,-1.0,-1.0,-1.0,-1.0,-1.0,-1.0,-1.0,-1.0,0.0,-1.0
1070714,1070714,757382,2025-05-24 19:53:00,2403.9,0.0,4.0,0.11,0.085,0.772727,0.1,0.136,0.034,0.131,0.963235,0.0,0.227273
757382,757382,892082,2025-05-25 08:00:00,7077.4,0.0,7.0,0.76,0.685,0.901316,1.2,1.419,0.668,1.401,0.987315,0.0,0.098684
892082,892082,911372,2025-05-26 09:07:00,1469.3,0.0,5.0,-1.0,-1.0,-1.0,-1.0,-1.0,-1.0,-1.0,-1.0,0.0,-1.0
911372,911372,679349,2025-05-27 10:14:00,844.2,0.0,6.0,-1.0,-1.0,-1.0,-1.0,-1.0,-1.0,-1.0,-1.0,0.0,-1.0
679349,679349,1476861,2025-05-28 11:21:00,6361.0,0.0,3.0,-1.0,-1.0,-1.0,-1.0,-1.0,-1.0,-1.0,-1.0,0.0,-1.0
1476861,1476861,1004147,2025-05-01 12:28:00,5157.3,0.0,7.0,-1.0,-1.0,-1.0,-1.0,-1.0,-1.0,-1.0,-1.0,0.0,-1.0
1004147,1004147,3266575,2025-05-02 13:35:00,8117.4,0.0,8.0,-1.0,-1.0,-1.0,-1.0,-1.0,-1.0,-1.0,-1.0,0.0,-1.0
3266575,3266575,3255911,2025-05-03 14:42:00,3102.9,1.0,0.0,-1.0,-1.0,-1.0,-1.0,-1.0,-1.0,-1.0,-1.0,0.0,-1.0
3255911,3255911,2696693,2025-05-04 15:49:00,11648.0,0.0,5.0,-1.0,-1.0,-1.0,-1.0,-1.0,-1.0,-1.0,-1.0,0.0,-1.0
2696693,2696693,1496247,2025-05-05 16:56:00,6543.3,0.0,5.0,-1.0,-1.0,-1.0,-1.0,-1.0,-1.0,-1.0,-1.0,0.0,-1.0
1496247,1496247,3779291,2025-05-06 17:03:00,4895.0,1.0,6.0,-1.0,-1.0,-1.0,-1.0,-1.0,-1.0,-1.0,-1.0,0.0,-1.0
3779291,3779291,1312024,2025-05-07 18:10:00,4159.7,0.0,7.0,-1.0,-1.0,-1.0,-1.0,-1.0,-1.0,-1.0,-1.0,0.0,-1.0
1312024,1312024,3494365,2025-05-08 19:17:00,7273.7,0.0,5.0,-1.0,-1.0,-1.0,-1.0,-1.0,-1.0,-1.0,-1.0,0.0,-1.0
3494365,3494365,889106,2025-05-09 08:24:00,5937.3,0.0,3.0,0.495,0.48,0.969697,0.5,0.562,0.278,0.557,0.991103,2.0,0.030303
889106,889106,3520738,2025-05-10 09:31:00,2480.9,0.0,3.0,0.95,0.945,0.994737,1.3,3.838,0.19,3.837,0.999739,1.0,0.005263
3520738,3520738,1619159,2025-05-11 10:38:00,7521.2,0.0,6.0,-1.0,-1.0,-1.0,-1.0,-1.0,-1.0,-1.0,-1.0,0.0,-1.0
1619159,1619159,599765,2025-05-12 11:45:00,3680.8,0.0,6.0,-1.0,-1.0,-1.0,-1.0,-1.0,-1.0,-1.0,-1.0,0.0,-1.0
599765,599765,24824,2025-05-13 12:52:00,11924.9,0.0,2.0,0.015,0.01,0.666667,-1.0,0.006,-1.0,0.004,0.666667,0.0,0.333333
24824,24824,3734858,2025-05-14 13:59:00,8645.1,0.0,4.0,-1.0,-1.0,-1.0,-1.0,-1.0,-1.0,-1.0,-1.0,0.0,-1.0
3734858,3734858,1632328,2025-05-15 14:06:00,7772.8,0.0,3.0,-1.0,-1.0,-1.0,-1.0,-1.0,-1.0,-1.0,-1.0,0.0,-1.0
1632328,1632328,2819393,2025-05-16 15:13:00,4413.7,0.0,5.0,-1.0,-1.0,-1.0,-1.0,-1.0,-1.0,-1.0,-1.0,0.0,-1.0
2819393,2819393,39001,2025-05-17 16:20:00,4556.1,0.0,2.0,-1.0,-1.0,-1.0,-1.0,-1.0,-1.0,-1.0,-1.0,0.0,-1.0
39001,39001,25928,2025-05-18 17:27:00,1107.6,0.0,3.0,-1.0,-1.0,-1.0,-1.0,-1.0,-1.0,-1.0,-1.0,0.0,-1.0
25928,25928,3346732,2025-05-19 18:34:00,739.4,0.0,5.0,-1.0,-1.0,-1.0,-1.0,-1.0,-1.0,-1.0,-1.0,0.0,-1.0
3346732,3346732,3545092,2025-05-20 19:41:00,11716.1,0.0,1.0,-1.0,-1.0,-1.0,-1.0,-1.0,-1.0,-1.0,-1.0,0.0,-1.0
3545092,3545092,3493753,2025-05-21 08:48:00,1650.0,1.0,4.0,-1.0,-1.0,-1.0,-1.0,-1.0,-1.0,-1.0,-1.0,0.0,-1.0
3493753,3493753,32107,2025-05-22 09:55:00,3697.6,0.0,2.0,-1.0,-1.0,-1.0,-1.0,-1.0,-1.0,-1.0,-1.0,0.0,-1.0
32107,32107,1604896,2025-05-23 10:02:00,11609.3,0.0,5.0,-1.0,-1.0,-1.0,-1.0,-1.0,-1.0,-1.0,-1.0,0.0,-1.0
1604896,1604896,687425,2025-05-24 11:09:00,10930.5,0.0,7.0,0.05,0.045,0.9,-1.0,0.038,-1.0,0.037,0.973684,0.0,0.1
687425,687425,3670800,2025-05-25 12:16:00,289.7,1.0,0.0,-1.0,-1.0,-1.0,-1.0,-1.0,-1.0,-1.0,-1.0,0.0,-1.0
3670800,3670800,2155416,2025-05-26 13:23:00,10779.1,0.0,4.0,-1.0,-1.0,-1.0,-1.0,-1.0,-1.0,-1.0,-1.0,0.0,-1.0
2155416,2155416,2885923,2025-05-27 14:30:00,7860.2,0.0,6.0,-1.0,-1.0,-1.0,-1.0,-1.0,-1.0,-1.0,-1.0,0.0,-1.0
2885923,2885923,982568,2025-05-28 15:37:00,10738.0,0.0,5.0,-1.0,-1.0,-1.0,-1.0,-1.0,-1.0,-1.0,-1.0,0.0,-1.0
982568,982568,1984834,2025-05-01 16:44:00,326.4,0.0,7.0,0.34,0.275,0.808824,0.4,0.58,0.25,0.567,0.977586,0.0,0.191176
1984834,1984834,3715850,2025-05-02 17:51:00,712.5,0.0,7.0,-1.0,-1.0,-1.0,-1.0,-1.0,-1.0,-1.0,-1.0,0.0,-1.0
3715850,3715850,2264820,2025-05-03 18:58:00,9473.6,0.0,7.0,0.46,0.38,0.826087,0.3,0.404,0.014,0.195,0.482673,1.0,0.173913
2264820,2264820,17044,2025-05-04 19:05:00,4664.5,0.0,3.0,-1.0,-1.0,-1.0,-1.0,-1.0,-1.0,-1.0,-1.0,0.0,-1.0
17044,17044,3457125,2025-05-05 08:12:00,3895.2,0.0,8.0,0.105,0.08,0.761905,0.1,0.138,0.042,0.129,0.934783,0.0,0.238095
3457125,3457125,3796815,2025-05-06 09:19:00,196.8,0.0,0.0,-1.0,-1.0,-1.0,-1.0,-1.0,-1.0,-1.0,-1.0,0.0,-1.0
3796815,3796815,2239945,2025-05-07 10:26:00,9051.7,0.0,1.0,-1.0,-1.0,-1.0,-1.0,-1.0,-1.0,-1.0,-1.0,0.0,-1.0
2239945,2239945,2657913,2025-05-08 11:33:00,8634.6,0.0,4.0,-1.0,-1.0,-1.0,-1.0,-1.0,-1.0,-1.0,-1.0,0.0,-1.0
2657913,2657913,2348178,2025-05-09 12:40:00,7118.1,1.0,0.0,-1.0,-1.0,-1.0,-1.0,-1.0,-1.0,-1.0,-1.0,0.0,-1.0
2348178,2348178,1882108,2025-05-10 13:47:00,1100.5,0.0,2.0,-1.0,-1.0,-1.0,-1.0,-1.0,-1.0,-1.0,-1.0,0.0,-1.0
1882108,1882108,218076,2025-05-11 14:54:00,4643.4,0.0,3.0,-1.0,-1.0,-1.0,-1.0,-1.0,-1.0,-1.0,-1.0,0.0,-1.0
218076,218076,2200609,2025-05-12 15:01:00,3726.9,0.0,2.0,-1.0,-1.0,-1.0,-1.0,-1.0,-1.0,-1.0,-1.0,0.0,-1.0
2200609,2200609,3510204,2025-05-13 16:08:00,7100.9,0.0,5.0,-1.0,-1.0,-1.0,-1.0,-1.0,-1.0,-1.0,-1.0,0.0,-1.0
3510204,3510204,2579745,2025-05-14 17:15:00,4604.3,0.0,7.0,-1.0,-1.0,-1.0,-1.0,-1.0,-1.0,-1.0,-1.0,0.0,-1.0
2579745,2579745,1596462,2025-05-15 18:22:00,5907.9,0.0,5.0,-1.0,-1.0,-1.0,-1.0,-1.0,-1.0,-1.0,-1.0,0.0,-1.0
1596462,1596462,2989868,2025-05-16 19:29:00,3762.7,0.0,7.0,0.07,0.07,1.0,0.1,0.061,0.004,0.061,1.0,0.0,-1.0
2989868,2989868,2187128,2025-05-17 08:36:00,11366.8,0.0,2.0,-1.0,-1.0,-1.0,-1.0,-1.0,-1.0,-1.0,-1.0,0.0,-1.0
2187128,2187128,867138,2025-05-18 09:43:00,5230.7,1.0,0.0,-1.0,-1.0,-1.0,-1.0,-1.0,-1.0,-1.0,-1.0,0.0,-1.0
867138,867138,59718,2025-05-19 10:50:00,5269.6,0.0,8.0,-1.0,-1.0,-1.0,-1.0,-1.0,-1.0,-1.0,-1.0,0.0,-1.0
59718,59718,1783211,2025-05-20 11:57:00,5817.5,0.0,5.0,-1.0,-1.0,-1.0,-1.0,-1.0,-1.0,-1.0,-1.0,0.0,-1.0
1783211,1783211,2832962,2025-05-21 12:04:00,10743.5,0.0,1.0,-1.0,-1.0,-1.0,-1.0,-1.0,-1.0,-1.0,-1.0,0.0,-1.0
2832962,2832962,1446474,2025-05-22 13:11:00,6824.1,0.0,2.0,1.055,0.815,0.772512,0.9,0.773,0.009,0.714,0.923674,3.0,0.227488
1446474,1446474,1958074,2025-05-23 14:18:00,820.4,0.0,6.0,-1.0,-1.0,-1.0,-1.0,-1.0,-1.0,-1.0,-1.0,0.0,-1.0
1958074,1958074,830399,2025-05-24 15:25:00,9742.3,0.0,1.0,-1.0,-1.0,-1.0,-1.0,-1.0,-1.0,-1.0,-1.0,0.0,-1.0
830399,830399,2449982,2025-05-25 16:32:00,1346.7,0.0,6.0,-1.0,-1.0,-1.0,-1.0,-1.0,-1.0,-1.0,-1.0,0.0,-1.0
2449982,2449982,3233627,2025-05-26 17:39:00,5805.7,0.0,1.0,-1.0,-1.0,-1.0,-1.0,-1.0,-1.0,-1.0,-1.0,0.0,-1.0
3233627,3233627,2840730,2025-05-27 18:46:00,1294.1,0.0,6.0,-1.0,-1.0,-1.0,-1.0,-1.0,-1.0,-1.0,-1.0,0.0,-1.0
2840730,2840730,2694405,2025-05-28 19:53:00,11577.1,0.0,6.0,-1.0,-1.0,-1.0,-1.0,-1.0,-1.0,-1.0,-1.0,0.0,-1.0
2694405,2694405,756867,2025-05-01 08:00:00,10176.5,0.0,6.0,-1.0,-1.0,-1.0,-1.0,-1.0,-1.0,-1.0,-1.0,0.0,-1.0
756867,756867,2102487,2025-05-02 09:07:00,5287.8,1.0,5.0,0.245,0.21,0.857143,0.1,0.247,0.009,0.238,0.963563,1.0,0.142857
2102487,2102487,3506943,2025-05-03 10:14:00,4083.7,0.0,3.0,-1.0,-1.0,-1.0,-1.0,-1.0,-1.0,-1.0,-1.0,0.0,-1.0
3506943,3506943,3532078,2025-05-04 11:21:00,4572.8,0.0,6.0,-1.0,-1.0,-1.0,-1.0,-1.0,-1.0,-1.0,-1.0,0.0,-1.0
3532078,3532078,179010,2025-05-05 12:28:00,1574.2,0.0,7.0,-1.0,-1.0,-1.0,-1.0,-1.0,-1.0,-1.0,-1.0,0.0,-1.0
179010,179010,675470,2025-05-06 13:35:00,3224.5,0.0,6.0,-1.0,-1.0,-1.0,-1.0,-1.0,-1.0,-1.0,-1.0,0.0,-1.0
675470,675470,636790,2025-05-07 14:42:00,4128.4,1.0,4.0,-1.0,-1.0,-1.0,-1.0,-1.0,-1.0,-1.0,-1.0,0.0,-1.0
636790,636790,2273675,2025-05-08 15:49:00,5014.3,1.0,0.0,0.975,0.76,0.779487,0.6,0.761,0.012,0.715,0.939553,1.0,0.220513
2273675,2273675,3458630,2025-05-09 16:56:00,1490.7,0.0,6.0,-1.0,-1.0,-1.0,-1.0,-1.0,-1.0,-1.0,-1.0,0.0,-1.0
3458630,3458630,1272584,2025-05-10 17:03:00,5826.1,0.0,6.0,-1.0,-1.0,-1.0,-1.0,-1.0,-1.0,-1.0,-1.0,0.0,-1.0
1272584,1272584,479354,2025-05-11 18:10:00,5457.8,0.0,3.0,0.28,0.26,0.928571,0.1,0.585,0.182,0.579,0.989744,0.0,0.071429
479354,479354,2684583,2025-05-12 19:17:00,10508.7,0.0,3.0,-1.0,-1.0,-1.0,-1.0,-1.0,-1.0,-1.0,-1.0,0.0,-1.0
2684583,2684583,649814,2025-05-13 08:24:00,9857.9,0.0,2.0,-1.0,-1.0,-1.0,-1.0,-1.0,-1.0,-1.0,-1.0,0.0,-1.0
649814,649814,3442358,2025-05-14 09:31:00,5214.5,0.0,4.0,-1.0,-1.0,-1.0,-1.0,-1.0,-1.0,-1.0,-1.0,0.0,-1.0
3442358,3442358,3312340,2025-05-15 10:38:00,5629.2,0.0,3.0,-1.0,-1.0,-1.0,-1.0,-1.0,-1.0,-1.0,-1.0,0.0,-1.0
3312340,3312340,1309641,2025-05-16 11:45:00,4564.5,0.0,5.0,-1.0,-1.0,-1.0,-1.0,-1.0,-1.0,-1.0,-1.0,0.0,-1.0
1309641,1309641,311898,2025-05-17 12:52:00,10580.1,0.0,5.0,0.045,0.03,0.666667,0.1,0.011,0.003,0.008,0.727273,1.0,0.333333
311898,311898,1952247,2025-05-18 13:59:00,2932.9,0.0,5.0,-1.0,-1.0,-1.0,-1.0,-1.0,-1.0,-1.0,-1.0,0.0,-1.0
1952247,1952247,2048776,2025-05-19 14:06:00,226.1,0.0,4.0,-1.0,-1.0,-1.0,-1.0,-1.0,-1.0,-1.0,-1.0,0.0,-1.0
2048776,2048776,3768535,2025-05-20 15:13:00,9385.3,0.0,7.0,0.005,0.005,1.0,-1.0,0.001,-1.0,0.001,1.0,0.0,-1.0
3768535,3768535,1040353,2025-05-21 16:20:00,495.5,0.0,8.0,-1.0,-1.0,-1.0,-1.0,-1.0,-1.0,-1.0,-1.0,0.0,-1.0
1040353,1040353,3529379,2025-05-22 17:27:00,10224.0,0.0,5.0,-1.0,-1.0,-1.0,-1.0,-1.0,-1.0,-1.0,-1.0,0.0,-1.0
3529379,3529379,3550314,2025-05-23 18:34:00,3622.1,0.0,7.0,-1.0,-1.0,-1.0,-1.0,-1.0,-1.0,-1.0,-1.0,0.0,-1.0
3550314,3550314,924733,2025-05-24 19:41:00,9083.5,0.0,3.0,-1.0,-1.0,-1.0,-1.0,-1.0,-1.0,-1.0,-1.0,0.0,-1.0
924733,924733,190623,2025-05-25 08:48:00,2435.7,0.0,2.0,-1.0,-1.0,-1.0,-1.0,-1.0,-1.0,-1.0,-1.0,0.0,-1.0
190623,190623,2967205,2025-05-26 09:55:00,10230.6,0.0,5.0,-1.0,-1.0,-1.0,-1.0,-1.0,-1.0,-1.0,-1.0,0.0,-1.0
2967205,2967205,2773735,2025-05-27 10:02:00,11585.9,0.0,2.0,-1.0,-1.0,-1.0,-1.0,-1.0,-1.0,-1.0,-1.0,0.0,-1.0
2773735,2773735,1020891,2025-05-28 11:09:00,3748.8,0.0,5.0,-1.0,-1.0,-1.0,-1.0,-1.0,-1.0,-1.0,-1.0,0.0,-1.0
1020891,1020891,2853654,2025-05-01 12:16:00,10227.9,0.0,7.0,0.32,0.31,0.96875,0.5,0.41,0.011,0.407,0.992683,2.0,0.03125
2853654,2853654,2467547,2025-05-02 13:23:00,11452.9,0.0,4.0,0.095,0.095,1.0,0.1,0.102,0.023,0.102,1.0,0.0,-1.0
2467547,2467547,1600345,2025-05-03 14:30:00,10858.9,0.0,2.0,-1.0,-1.0,-1.0,-1.0,-1.0,-1.0,-1.0,-1.0,0.0,-1.0
1600345,1600345,261044,2025-05-04 15:37:00,6213.4,1.0,6.0,-1.0,-1.0,-1.0,-1.0,-1.0,-1.0,-1.0,-1.0,0.0,-1.0
261044,261044,1099929,2025-05-05 16:44:00,6801.6,1.0,4.0,-1.0,-1.0,-1.0,-1.0,-1.0,-1.0,-1.0,-1.0,0.0,-1.0
1099929,1099929,3403534,2025-05-06 17:51:00,2678.0,0.0,4.0,-1.0,-1.0,-1.0,-1.0,-1.0,-1.0,-1.0,-1.0,0.0,-1.0
3403534,3403534,1971670,2025-05-07 18:58:00,6018.4,0.0,7.0,-1.0,-1.0,-1.0,-1.0,-1.0,-1.0,-1.0,-1.0,0.0,-1.0
1971670,1971670,3856962,2025-05-08 19:05:00,123.5,0.0,0.0,-1.0,-1.0,-1.0,-1.0,-1.0,-1.0,-1.0,-1.0,0.0,-1.0
3856962,3856962,3470857,2025-05-09 08:12:00,3705.8,0.0,6.0,1.1,0.92,0.836364,0.6,0.68,0.033,0.64,0.941176,1.0,0.163636
3470857,3470857,180560,2025-05-10 09:19:00,3119.2,0.0,4.0,-1.0,-1.0,-1.0,-1.0,-1.0,-1.0,-1.0,-1.0,0.0,-1.0
180560,180560,2586688,2025-05-11 10:26:00,9022.2,0.0,2.0,-1.0,-1.0,-1.0,-1.0,-1.0,-1.0,-1.0,-1.0,0.0,-1.0
2586688,2586688,2820701,2025-05-12 11:33:00,7697.7,0.0,7.0,-1.0,-1.0,-1.0,-1.0,-1.0,-1.0,-1.0,-1.0,0.0,-1.0
2820701,2820701,1409100,2025-05-13 12:40:00,9547.7,0.0,7.0,0.33,0.305,0.924242,0.5,0.323,0.052,0.318,0.98452,1.0,0.075758
1409100,1409100,2906651,2025-05-14 13:47:00,6625.9,0.0,1.0,-1.0,-1.0,-1.0,-1.0,-1.0,-1.0,-1.0,-1.0,0.0,-1.0
2906651,2906651,544235,2025-05-15 14:54:00,3566.5,1.0,4.0,-1.0,-1.0,-1.0,-1.0,-1.0,-1.0,-1.0,-1.0,0.0,-1.0
544235,544235,3504432,2025-05-16 15:01:00,10629.2,0.0,3.0,-1.0,-1.0,-1.0,-1.0,-1.0,-1.0,-1.0,-1.0,0.0,-1.0
3504432,3504432,2782566,2025-05-17 16:08:00,7360.0,0.0,6.0,0.1,0.1,1.0,0.3,0.085,0.011,0.085,1.0,0.0,-1.0
2782566,2782566,1979397,2025-05-18 17:15:00,457.7,0.0,7.0,-1.0,-1.0,-1.0,-1.0,-1.0,-1.0,-1.0,-1.0,0.0,-1.0
1979397,1979397,2662971,2025-05-19 18:22:00,4734.3,-1.0,-1.0,-1.0,-1.0,-1.0,-1.0,-1.0,-1.0,-1.0,-1.0,0.0,-1.0
2662971,2662971,901482,2025-05-20 19:29:00,1960.0,0.0,6.0,0.08,0.075,0.9375,-1.0,0.029,-1.0,0.028,0.965517,0.0,0.0625
901482,901482,378908,2025-05-21 08:36:00,452.6,0.0,0.0,-1.0,-1.0,-1.0,-1.0,-1.0,-1.0,-1.0,-1.0,0.0,-1.0
378908,378908,2819580,2025-05-22 09:43:00,10930.7,0.0,4.0,-1.0,-1.0,-1.0,-1.0,-1.0,-1.0,-1.0,-1.0,0.0,-1.0
2819580,2819580,4023499,2025-05-23 10:50:00,5419.0,0.0,4.0,-1.0,-1.0,-1.0,-1.0,-1.0,-1.0,-1.0,-1.0,0.0,-1.0
4023499,4023499,1217760,2025-05-24 11:57:00,7921.2,0.0,3.0,-1.0,-1.0,-1.0,-1.0,-1.0,-1.0,-1.0,-1.0,0.0,-1.0
1217760,1217760,3863736,2025-05-25 12:04:00,6688.8,1.0,1.0,-1.0,-1.0,-1.0,-1.0,-1.0,-1.0,-1.0,-1.0,0.0,-1.0
3863736,3863736,1786816,2025-05-26 13:11:00,4801.9,0.0,2.0,-1.0,-1.0,-1.0,-1.0,-1.0,-1.0,-1.0,-1.0,0.0,-1.0
1786816,1786816,3480264,2025-05-27 14:18:00,199.8,0.0,5.0,-1.0,-1.0,-1.0,-1.0,-1.0,-1.0,-1.0,-1.0,0.0,-1.0
3480264,3480264,2064703,2025-05-28 15:25:00,1959.3,0.0,7.0,-1.0,-1.0,-1.0,-1.0,-1.0,-1.0,-1.0,-1.0,0.0,-1.0
2064703,2064703,2946974,2025-05-01 16:32:00,8385.5,1.0,4.0,-1.0,-1.0,-1.0,-1.0,-1.0,-1.0,-1.0,-1.0,0.0,-1.0
2946974,2946974,2011400,2025-05-02 17:39:00,8790.1,0.0,5.0,-1.0,-1.0,-1.0,-1.0,-1.0,-1.0,-1.0,-1.0,0.0,-1.0
2011400,2011400,3469763,2025-05-03 18:46:00,3168.2,0.0,4.0,-1.0,-1.0,-1.0,-1.0,-1.0,-1.0,-1.0,-1.0,0.0,-1.0
3469763,3469763,3406068,2025-05-04 19:53:00,11113.2,0.0,0.0,-1.0,-1.0,-1.0,-1.0,-1.0,-1.0,-1.0,-1.0,0.0,-1.0
3406068,3406068,194975,2025-05-05 08:00:00,3443.6,1.0,5.0,-1.0,-1.0,-1.0,-1.0,-1.0,-1.0,-1.0,-1.0,0.0,-1.0
194975,194975,328714,2025-05-06 09:07:00,2401.4,0.0,5.0,-1.0,-1.0,-1.0,-1.0,-1.0,-1.0,-1.0,-1.0,0.0,-1.0
328714,328714,3610781,2025-05-07 10:14:00,5237.6,1.0,5.0,-1.0,-1.0,-1.0,-1.0,-1.0,-1.0,-1.0,-1.0,0.0,-1.0
3610781,3610781,3402696,2025-05-08 11:21:00,4887.4,0.0,3.0,-1.0,-1.0,-1.0,-1.0,-1.0,-1.0,-1.0,-1.0,0.0,-1.0
3402696,3402696,3467942,2025-05-09 12:28:00,2974.8,0.0,6.0,-1.0,-1.0,-1.0,-1.0,-1.0,-1.0,-1.0,-1.0,0.0,-1.0
3467942,3467942,1840626,2025-05-10 13:35:00,4386.9,0.0,5.0,-1.0,-1.0,-1.0,-1.0,-1.0,-1.0,-1.0,-1.0,0.0,-1.0
1840626,1840626,2775394,2025-05-11 14:42:00,7319.6,0.0,6.0,-1.0,-1.0,-1.0,-1.0,-1.0,-1.0,-1.0,-1.0,0.0,-1.0
2775394,2775394,1629397,2025-05-12 15:49:00,9963.1,0.0,7.0,-1.0,-1.0,-1.0,-1.0,-1.0,-1.0,-1.0,-1.0,0.0,-1.0
1629397,1629397,212618,2025-05-13 16:56:00,5776.1,0.0,5.0,1.795,1.69,0.941504,-1.0,0.621,-1.0,0.6,0.966184,0.0,0.058496
212618,212618,625237,2025-05-14 17:03:00,7695.7,0.0,7.0,-1.0,-1.0,-1.0,-1.0,-1.0,-1.0,-1.0,-1.0,0.0,-1.0
625237,625237,276708,2025-05-15 18:10:00,10387.9,1.0,4.0,-1.0,-1.0,-1.0,-1.0,-1.0,-1.0,-1.0,-1.0,0.0,-1.0
276708,276708,146303,2025-05-16 19:17:00,4832.5,0.0,4.0,0.565,0.39,0.690265,0.6,1.065,0.35,0.988,0.9277,2.0,0.309735
146303,146303,1233165,2025-05-17 08:24:00,2335.9,0.0,4.0,0.035,0.025,0.714286,0.2,0.017,0.006,0.015,0.882353,0.0,0.285714
1233165,1233165,3822500,2025-05-18 09:31:00,3727.2,0.0,1.0,0.42,0.415,0.988095,0.5,2.018,0.028,1.976,0.979187,0.0,0.011905
3822500,3822500,2973208,2025-05-19 10:38:00,8268.6,1.0,1.0,0.84,0.825,0.982143,0.8,1.655,0.051,1.652,0.998187,4.0,0.017857
2973208,2973208,2916396,2025-05-20 11:45:00,9890.1,1.0,3.0,-1.0,-1.0,-1.0,-1.0,-1.0,-1.0,-1.0,-1.0,0.0,-1.0
2916396,2916396,2628244,2025-05-21 12:52:00,3687.6,1.0,1.0,-1.0,-1.0,-1.0,-1.0,-1.0,-1.0,-1.0,-1.0,0.0,-1.0
2628244,2628244,3515535,2025-05-22 13:59:00,5527.1,1.0,1.0,-1.0,-1.0,-1.0,-1.0,-1.0,-1.0,-1.0,-1.0,0.0,-1.0
3515535,3515535,3353350,2025-05-23 14:06:00,505.7,0.0,5.0,-1.0,-1.0,-1.0,-1.0,-1.0,-1.0,-1.0,-1.0,0.0,-1.0
3353350,3353350,3896837,2025-05-24 15:13:00,423.1,0.0,3.0,0.2,0.18,0.9,0.2,0.298,0.059,0.294,0.986577,0.0,0.1
