epoch,train_loss,train_base_loss,train_ranking_loss,train_prototype_loss,train_normal_align_loss,train_normal_bucket_adv_loss,train_aux_loss,train_context_regularization_loss,train_adapter_regularization_loss,train_pseudo_contrastive_loss,train_embedding_diffusion_loss,train_embedding_diffusion_score_loss,train_embedding_diffusion_view_loss,prototype_loss_weight_effective,prototype_trust_score,context_residual_budget_weight_effective,context_residual_budget_release_progress,context_residual_budget_prototype_readiness,context_residual_budget_guard_strength,val_auc,val_pr_auc,val_ap,train_targets,train_pos,train_neg,train_hard_neg,train_bg_neg,train_pos_rate,hard_negative_pool_size,hard_negative_candidate_count,avg_subgraph_nodes,avg_subgraph_edges,emb_norm,dirichlet,grad_norm,best_epoch,lr,loss_pos_weight,context_delta_norm,context_drift_abs_mean,context_emb_norm,context_gate_mean,context_logit_abs_mean,context_residual_clip_fraction,context_residual_penalty,context_stability_gate_mean,diffusion_reconstruction_score,diffusion_score_calibration_mean,diffusion_score_calibration_std,diffusion_score_fraud_mean,diffusion_score_loss,diffusion_score_mean,diffusion_score_normal_mean,diffusion_score_std,diffusion_selected_count,diffusion_sigma_mean,prototype_active_epoch,prototype_classification_loss,prototype_classification_ratio,prototype_consistency_loss,prototype_loss_ramp,prototype_margin,prototype_memory_initialized_ratio,prototype_separation_loss,prototype_target_available_ratio,prototype_temporal_stability,target_time_position_mean,time_emb_norm,time_expert_context_drift,time_expert_delta_norm,time_expert_entropy,time_expert_entropy_gate,time_expert_entropy_norm,time_expert_entropy_penalty,time_expert_max_weight,time_expert_time_emb_norm,pseudo_contrastive_anomaly_count,pseudo_contrastive_bucket_count,pseudo_contrastive_normal_count,pseudo_contrastive_selected_ratio
1,1.2179543800426251,1.2141249766855529,0.0,0.0,0.0,0.0,0.0,1.186123567590998e-05,0.02477887971210955,0.0,2.030831181641781,0.5584366095788551,0.0,0.03,1.0,0.1,0.0,0.0,1.0,0.7898225629110556,0.2310953562282281,0.17582460227790878,16084,4021,12063,0,0,0.25,0,0,6325.242424242424,7094.666666666667,34.124244285352304,351476.74306788587,16.70000093091618,1,0.0003,3.0,1.0294414830930305,1.4480192236828082,1.3061272917371807,0.6366899970806006,0.006839344002814455,0.0,1.186123567590998e-05,0.5062566218954144,5.184696255308209,6.281009106329381,0.12330400151625315,6.441572088183778,0.5584366095788551,6.2285536563757695,6.157547603953969,0.22127528928897597,365.54545454545456,0.6234958785952944,0.0,0.0,0.0,0.0,0.0,0.0,0.0,0.0,0.0,0.0,0.4848484992980957,1.3965544122638125,1.4411372108892961,0.2946977667849172,1.3121595852302783,0.9465230576919786,0.9465230576919786,0.02477887971210955,0.3581911957625187,1.868080973625183,,,,
2,0.6884719828764597,0.6844217099926688,0.0,0.0,0.0,0.0,0.0,2.4420378560369667e-05,0.03796818495645008,0.0,1.6518227548310251,0.4976160472089594,0.0,0.03,1.0,0.1,0.0,0.0,1.0,0.8181400107770198,0.4014427557668031,0.3633810853145791,16084,4021,12063,10704,0,0.25,23262,27652,6367.818181818182,7129.484848484848,35.82305711688417,309027.7630911162,19.735496201298453,2,0.0003,3.0,0.8568312543811221,1.3753353321191035,1.2476596001422766,0.5630585903471167,0.015515538722728237,5.918560606060606e-05,2.4420378560369667e-05,0.5084884582143842,4.484186793818618,5.574557567733766,0.9531626351561646,6.883635506485447,0.4976160472089594,5.398021856943767,4.902817480491869,1.1802257245237178,365.54545454545456,0.6173218380321156,0.0,0.0,0.0,0.0,0.0,0.0,0.0,0.0,0.0,0.0,0.4848484992980957,1.0031347943074775,1.3728874145132122,0.08593031470522736,1.2986994476029368,0.9368136055541761,0.9368136055541761,0.03796818495645008,0.3544356543006319,1.2317015944105205,,,,
3,0.6389461195830143,0.6315933912992477,0.0,0.056819505312226036,0.026967588699225224,0.0,0.0,6.944840424694121e-05,0.03071940825391335,0.16152795336463235,1.6756966077920161,0.48863295623750397,0.0,0.012,0.4,0.1,0.0,0.0,1.0,0.7723413116134102,0.40978096027701516,0.40012082582727543,16084,4021,12063,10704,0,0.25,23262,27652,6348.787878787879,7092.393939393939,38.49173632535067,295571.54664935486,11.805724147594336,2,0.0003,3.0,1.101287467913194,1.5410271846886836,1.5214533191738706,0.5005050048683629,0.023303307197762257,0.0004734848484848485,6.944840424694121e-05,0.5250528472842593,4.627448761101925,5.629486930529168,1.1927048543985652,7.154825542912339,0.48863295623750397,5.68698651862867,5.197707103960441,1.124721109867096,365.54545454545456,0.638687430006085,1.0,0.2148509926416657,0.969696966084567,0.20931585494315985,0.25,0.43417654344529816,1.0,0.03922468683484829,0.969696966084567,0.8607782324155172,0.4848484992980957,1.1798526536334644,1.5344942157918757,0.1483943767168305,1.3149034254478686,0.9485023220380148,0.9485023220380148,0.03071940825391335,0.33028853300845984,1.4138580307816013,22.4,2.6,23.0,0.2364583432674408
4,0.48524888401681726,0.47866751434225024,0.0,0.1222527324024475,0.019348848949779163,0.0,0.0,1.6003452015645575e-05,0.02635540159286448,0.06825094060464339,1.309950954986341,0.48939019441604614,0.0,0.014827561701510951,0.4942520567170317,0.1,0.0,0.0,1.0,0.794591030675729,0.243816639500221,0.19560157261880412,16084,4021,12063,10704,0,0.25,23262,27652,6398.363636363636,7166.30303030303,35.50811617302172,221609.3779370857,16.5109650257862,2,0.0003,3.0,0.858299504626881,1.2433182434602217,1.3469975030783452,0.2817627480535796,0.020981866189024666,0.00011837121212121212,1.6003452015645575e-05,0.5081018390077533,3.8586919524452905,4.975804703136911,1.578279178879049,7.02692849708326,0.48939019441604614,4.771890279018518,4.020210909120964,1.7352681196097173,365.54545454545456,0.6069095730781555,1.0,0.23371848938140002,0.9999999963875973,0.1678782498294657,0.5,0.5432625801274271,1.0,0.04786128945874445,0.9999999963875973,0.9870228550650857,0.4848484992980957,0.8964315327731046,1.2388141191366948,0.15968623621897263,1.3348175323370732,0.9628673087466847,0.9628673087466847,0.02635540159286448,0.31446367050662183,1.0102529868935093,23.0,2.6,23.0,0.2395833432674408
5,0.3791974507498019,0.37140156148057996,0.0,0.15063060007312082,0.009907173387932055,0.0,0.0,0.00017518621594221756,0.026125810401881056,0.12443958448641228,1.4828598029685742,0.4768802577799017,0.0,0.018406561601603474,0.6135520533867824,0.1,0.0,0.0,1.0,0.7783405732178937,0.4849546062751037,0.4752695752492851,16084,4021,12063,10704,0,0.25,23262,27652,6390.545454545455,7177.666666666667,38.1710428758101,235027.3302371863,7.556756906437151,2,0.0003,3.0,1.1023817531990283,1.2510012731407627,1.6341773018692478,0.3647086295214566,0.029136175459081478,0.0013661383876972127,0.00017518621594221756,0.5152487754821777,4.289971734538223,5.117805390289063,1.427243873241356,7.069324666803533,0.4768802577799017,5.191525531537605,4.565592751358494,1.400121215618018,365.54545454545456,0.642197518637686,1.0,0.18852086613575617,0.9999999963875973,0.21110613147417703,0.75,0.5322885838421908,1.0,0.03529251019724391,0.9999999963875973,0.989257194779136,0.4848484992980957,1.1091350009947112,1.245786423032934,0.16575651796478214,1.3303536176681519,0.9596472545103594,0.9596472545103594,0.026125810401881056,0.3200576269265377,1.168935562625076,22.4,2.6,23.0,0.2364583432674408
6,0.35189719565890054,0.3438693474639546,0.0,0.1781100041487,0.009958744049072266,0.0,0.0,9.65880335019337e-05,0.024131288974207233,0.0788542465730147,1.2047575838638074,0.4598110959385381,0.0,0.02167524235849773,0.7225080786165909,0.1,0.0,0.0,1.0,0.8094364967737611,0.2988724572299762,0.25342460582174053,16084,4021,12063,10704,0,0.25,23262,27652,6369.333333333333,7132.69696969697,35.84610100948449,163730.1847034801,14.628983813704867,2,0.00015,3.0,0.9206460624030142,1.1687193043304211,1.4626018928759026,0.3131645290237485,0.03009714468410521,0.0008859629954465411,9.65880335019337e-05,0.49760039015249774,3.6484773592515425,4.65988439264439,1.8862722599721051,7.29689293196707,0.4598110959385381,4.463333093758785,3.518813234387022,2.0265159426313457,365.54545454545456,0.5985061869476781,1.0,0.16879055039449173,0.9999999963875973,0.15349813370090543,1.0,0.639114853107568,1.0,0.03289098030125553,0.9999999963875973,0.9912774942137978,0.4848484992980957,0.8654057383537292,1.1607775543675278,0.2241343715877244,1.3240659164659905,0.9551116535157869,0.9551116535157869,0.024131288974207233,0.32411102724797797,0.9122545610774647,23.0,2.6,23.0,0.2395833432674408
7,0.3142992863149354,0.30515690780047217,0.0,0.18895677409388803,0.0074567325187451915,0.0,0.0,0.00010337863579589987,0.026854220596071558,0.12985573031685568,1.3682143399209687,0.4579008221626282,0.0,0.022713260421737446,0.7571086807245816,0.1,0.0,0.0,1.0,0.5932600000484725,0.18125087989573463,0.0589735927405647,16084,4021,12063,10704,0,0.25,23262,27652,6375.606060606061,7160.212121212121,37.87190622271913,192491.47120990176,3.94029804612651,2,0.00015,3.0,1.1307197321544995,1.1895079775290056,1.724972609317664,0.2826606391957312,0.034046927354100975,0.0006510416666666666,0.00010337863579589987,0.4972856297637477,4.040350444389112,4.844266104748721,1.7495125222700219,7.360558928865375,0.4579008221626282,5.011225266890093,4.228114207585652,1.6727111917553525,365.54545454545456,0.5938681887857842,1.0,0.17693423050822635,0.9999999963875973,0.20787443627010693,1.0,0.5547002463629751,1.0,0.03257644035373673,0.9999999963875973,0.991941208189184,0.4848484992980957,1.0727535847461585,1.17927439104427,0.2834704473163142,1.3123478347604924,0.9466588424913811,0.9466588424913811,0.026854220596071558,0.33653951142773486,1.1875506711728645,23.0,2.6,23.0,0.2395833432674408
8,0.2667432341611747,0.2587458299416484,0.0,0.16463718642339562,0.009312006560238924,0.0,0.0,0.00018842180857477203,0.022279475395324964,0.09526340618278041,1.1998861703005703,0.4509586610577323,0.0,0.023053769283635277,0.768458976121176,0.1,0.0,0.0,1.0,0.7630202800247856,0.23275311113275207,0.21752819415110658,16084,4021,12063,10704,0,0.25,23262,27652,6394.151515151515,7160.515151515152,36.72210889874083,136886.01995664655,6.320519727287871,2,0.00015,3.0,0.9962866288242918,1.1260801336982034,1.5524869254141143,0.30144747820767487,0.03888301156235464,0.001006155303030303,0.00018842180857477203,0.5037448641025659,3.676950028448394,4.695438088071819,2.127291483763233,7.652529066259211,0.4509586610577323,4.507845408988722,3.459617773691813,2.179476275588527,365.54545454545456,0.6244430415558092,1.0,0.1554921969319835,0.9999999963875973,0.15304662129192642,1.0,0.6490174251975436,1.0,0.029853159293645258,0.9999999963875973,0.9915704980041041,0.4848484992980957,0.8493056550170436,1.1158944314176387,0.3335565689838294,1.3280755498192527,0.9580039978027344,0.9580039978027344,0.022279475395324964,0.3276725113391876,0.8254630692077406,20.6,2.6,23.0,0.22708334028720856
9,0.260472257706252,0.25198796097979403,0.0,0.15900497025612628,0.005208232186057351,0.0,0.0,0.0005063545432869543,0.026057995085659168,0.1339870962229642,1.337749669046113,0.44409298264619074,0.0,0.023575587452283667,0.7858529150761223,0.1,0.0,0.0,1.0,0.716242641290851,0.15663362983745785,0.09582454534342544,16084,4021,12063,10704,0,0.25,23262,27652,6335.727272727273,7087.212121212121,37.49059295654297,164747.67830403647,5.252258981719161,2,0.00015,3.0,1.2384908885666819,1.1581787683747031,1.7962653239568074,0.26715133090813953,0.04441564236626481,0.0004716637530222987,0.0005063545432869543,0.5049383432576151,4.017437826503407,4.81881198757842,1.817559943205574,7.536516594164299,0.44409298264619074,4.977834065755208,4.1249400702389805,1.747497974020062,365.54545454545456,0.6194139086838925,1.0,0.14759700971119333,0.9999999963875973,0.20151003246957605,1.0,0.6037026670846072,1.0,0.026649160889174902,0.9999999963875973,0.9921263239600442,0.4848484992980957,1.1187317154624246,1.1453479799357327,0.3200408373818253,1.331501061266119,0.9604749805999525,0.9604749805999525,0.026057995085659168,0.3208136468222647,1.0497859662229365,23.0,2.6,23.0,0.2395833432674408
10,0.2240002512028723,0.21699073910713196,0.0,0.13009107349948448,0.004861840696045847,0.0,0.0,0.00021965414094721024,0.028506188409995626,0.07570398937572133,1.0673471635038203,0.42883071754917956,0.0,0.023567575500641032,0.7855858500213678,0.1,0.09733338967666276,0.9733338967666275,1.0,0.5799190956028305,0.15746953603438862,0.05757659229517591,16084,4021,12063,10704,0,0.25,23262,27652,6328.636363636364,7100.272727272727,37.008883794148765,136422.2518162583,9.053308897849286,2,7.5e-05,3.0,1.0162326061364375,1.2220340985240359,1.5711502667629358,0.25932447386510443,0.03869780661030249,0.00041429924242424244,0.00021965414094721024,0.48924426418362243,3.42925407669761,4.479642456811871,2.348801860059656,8.148570696512857,0.42883071754917956,4.289620934110699,3.0033044815063477,2.5363609646305894,365.54545454545456,0.6374335144505356,1.0,0.12202599915591153,0.9999999963875973,0.13913824770486716,1.0,0.7063974810369087,1.0,0.022163265920949703,0.9999999963875973,0.993412536202055,0.4848484992980957,0.8910033540292219,1.203613609978647,0.4564908164920229,1.3306429530635024,0.959855975526752,0.959855975526752,0.028506188409995626,0.3222169316176212,0.7179223913134951,23.0,2.6,23.0,0.2395833432674408
11,0.19753387197852135,0.18989693858858311,0.0,0.13502413057016605,0.003298033367503773,0.0,0.0,0.00037433194269066337,0.025246685416746142,0.11862320791591298,1.2709521922198208,0.4316590030988057,0.0,0.024317281956357874,0.8105760652119292,0.1,0.19316871992146206,0.9658435996073103,1.0,0.5820166357116832,0.15681618629154936,0.05784208029520789,16084,4021,12063,10704,0,0.25,23262,27652,6299.575757575758,7050.212121212121,37.07436867916223,140620.31996848367,3.704511703866901,2,7.5e-05,3.0,1.2096334677754026,1.1675266894427212,1.7871880892551306,0.27255621326692175,0.04103518401583036,0.0007694128787878788,0.00037433194269066337,0.49432602524757385,3.8662123535618638,4.774676317662019,2.0966710956370553,7.877858812158758,0.4316590030988057,4.914833690180923,3.9271587241779673,1.9678524082357234,365.54545454545456,0.6177035777857809,1.0,0.12453260227586284,0.9999999963875973,0.1885079082214471,1.0,0.6350768045945601,1.0,0.021322683480596454,0.9999999963875973,0.9933894601735201,0.4848484992980957,1.1202992525967685,1.1469101689078591,0.5401335060596466,1.3299709558486938,0.9593712488810221,0.9593712488810221,0.025246685416746142,0.32657456849560595,1.1070378856225447,21.2,2.6,23.0,0.2302083432674408
12,0.14494304325092922,0.13886540902383399,0.0,0.10490052435885776,0.002900401751200358,0.0,0.0,0.00043602539473354364,0.0193214834966277,0.09030815146186134,1.0340872425021548,0.4213804747119094,0.0,0.02444589785690948,0.8148632618969827,0.1,0.28931791002847207,0.9643930334282402,1.0,0.6313523019116688,0.15532813937031947,0.06636505860943129,16084,4021,12063,10704,0,0.25,23262,27652,6325.181818181818,7081.181818181818,33.718285820700906,78546.99965598366,1.8400229089187854,2,7.5e-05,3.0,1.0548988544579707,1.1735908334905452,1.5773803682038279,0.2791941969683676,0.0418179871683771,0.0012428977272727273,0.00043602539473354364,0.4964524164344325,3.3652629635550757,4.3713387140695605,2.4849142098963766,8.257909514687277,0.4213804747119094,4.152544158877748,2.784089131788774,2.6529397892229483,365.54545454545456,0.6400829860658357,1.0,0.09763671491633762,0.9999999963875973,0.12906223400072617,1.0,0.7337692416075504,1.0,0.016213951667657857,0.9999999963875973,0.993996672558062,0.4848484992980957,0.8925421436627706,1.1431691195025588,0.7826750892581362,1.3316675605195942,0.9605950821529735,0.9605950821529735,0.0193214834966277,0.33610622359044623,0.9415392622803197,22.2,2.6,23.0,0.23541667461395263
13,0.1841230227640181,0.1771114793690768,0.0,0.12464255128394473,0.0027834050583116937,0.0,0.0,0.00015766141917662355,0.01433279171407886,0.13258992000059647,1.250710205598311,0.430442037004413,0.0,0.025169157125100948,0.8389719041700316,0.07317276705444221,0.3832461849365398,0.9581154623413494,0.03261679802278067,0.6428545894028126,0.15604204569558563,0.06882361256750147,16084,4021,12063,10704,0,0.25,23262,27652,6330.30303030303,7081.787878787879,33.99047920920632,82679.74454752605,2.811831219629808,2,7.5e-05,3.0,1.2057867519783252,1.1541045326175112,1.7916656010078662,0.26002555588881177,0.038464992166017044,0.0005308493590829047,0.00015766141917662355,0.4867008671616063,3.85000035979531,4.586395936254129,2.100171701874258,7.689574920769894,0.430442037004413,4.77712986686013,3.806314872972893,1.9262427452838782,365.54545454545456,0.6048112692254962,1.0,0.11453642865473573,0.9999999963875973,0.18303059673670566,1.0,0.660864486838832,1.0,0.01909186860377138,0.9999999963875973,0.9945462111270789,0.4848484992980957,1.1144336660703023,1.122483658068108,0.905596982349049,1.3390437653570464,0.9659158750013872,0.9659158750013872,0.01433279171407886,0.3294540454040874,1.2515794977997288,23.0,2.6,23.0,0.2395833432674408
14,0.13239805953520717,0.1272350564373262,0.0,0.09647937547979933,0.00215944918719205,0.0,0.0,0.00012792310382902735,0.009850560293257744,0.074723583279234,0.971031235926079,0.4177864275195382,0.0,0.025060958337345163,0.8353652779115055,0.06709386328624511,0.4700876673393555,0.940175334678711,0.0,0.5730055242325413,0.15651291809958665,0.0565989791571087,16084,4021,12063,10704,0,0.25,23262,27652,6321.242424242424,7076.636363636364,33.57704405351119,70317.72231963187,1.6036275760693983,2,3.75e-05,3.0,1.0261630795218728,1.2242538838675527,1.5792901226968477,0.2566064338792454,0.037680127516840446,0.0004172100064655145,0.00012792310382902735,0.480262172944618,3.1751695257244688,4.175260875278599,2.5311705753377267,8.101343053759951,0.4177864275195382,3.9135029315948486,2.517556334986831,2.6772110534436777,365.54545454545456,0.6230543797666376,1.0,0.08952814504278428,0.9999999963875973,0.12430137497457591,1.0,0.7615254431059866,1.0,0.01472323631980654,0.9999999963875973,0.9942758841948076,0.4848484992980957,0.8949374285611239,1.1784792397961472,1.2073365540215464,1.3487453280073223,0.9729140942746942,0.9729140942746942,0.009850560293257744,0.32374367569432116,1.0093491221919204,23.0,2.6,23.0,0.2395833432674408
15,0.18239357232144385,0.17554577688376108,0.0,0.12072931602597237,0.0032038182923288055,0.0,0.0,0.00015640021548747563,0.012316663361520059,0.12811078627904257,1.253472458232533,0.4284290644255551,0.0,0.02562030466244721,0.8540101554149071,0.1,0.5615286014525489,0.9358810024209149,1.0,0.5809996251471338,0.15762064221944935,0.05772760841924531,16084,4021,12063,10704,0,0.25,23262,27652,6283.363636363636,7024.454545454545,35.5718392458829,103865.71076364229,4.215346318302733,2,3.75e-05,3.0,1.200136209979202,1.1724524696667988,1.77685572161819,0.26082133208260394,0.03755369359119372,0.0002959280303030303,0.00015640021548747563,0.4814336697260539,3.826137506600582,4.527054179187464,2.0947583280950033,7.9097455776099,0.4284290644255551,4.829841816064083,3.803207339662494,2.0328316074429136,365.54545454545456,0.6087074785521536,1.0,0.11064907118226543,0.9999999963875973,0.1831916602271976,1.0,0.662998454137282,1.0,0.01841324576966916,0.9999999963875973,0.994270485458952,0.4848484992980957,1.1295210935852744,1.1283433112231167,1.2730347875392798,1.3411594557039666,0.9674420302564447,0.9674420302564447,0.012316663361520059,0.3313446586782282,1.397212342782454,23.0,2.6,23.0,0.2395833432674408
16,0.12831401452422142,0.1231528167245966,0.0,0.09171044803930051,0.0023909807205200195,0.0,0.0,0.00011702818411515292,0.010195965996403671,0.08097727551604762,0.9759468219496987,0.41479494354941626,0.0,0.02529301915138444,0.8431006383794813,0.1,0.6532145616170539,0.9331636594529342,1.0,0.6244047998940072,0.15920075824104052,0.06481635820730748,16084,4021,12063,10704,0,0.25,23262,27652,6361.909090909091,7123.030303030303,34.38982697689172,83517.4570571437,1.8957854130051353,2,3.75e-05,3.0,1.0396263834201929,1.2444579149737502,1.5809822299263694,0.2728305851871317,0.038096733899279075,0.00023965318828369632,0.00011702818411515292,0.4799247691125581,3.1952531987970527,4.251928172690816,2.6432076516655374,8.408128463860715,0.41479494354941626,4.018058523987278,2.554701945998452,2.7924714449680215,365.54545454545456,0.6293846910650079,1.0,0.08482851494442332,0.9999999963875973,0.12363084891077245,1.0,0.7668882807095846,1.0,0.014007827746822979,0.9999999963875973,0.9940004330692869,0.4848484992980957,0.8936874451059283,1.1841185544476365,1.5906486908594768,1.3468077327265884,0.9715164195407521,0.9715164195407521,0.010195965996403671,0.3261129711613511,1.1352430455612414,23.0,2.6,23.0,0.2395833432674408
17,0.1547358992199103,0.1481411624135393,0.0,0.11310430480675264,0.0020855918075099135,0.0,0.0,0.00013003131034290135,0.015674999482474628,0.11392918319413156,1.2235445867885242,0.42135190963745117,0.0,0.025783729224500458,0.859457640816682,0.048203624834713646,0.739948216646948,0.924935270808685,0.022626679503556513,0.5714725860566044,0.18479994724605364,0.05606298002558464,16084,4021,12063,10704,0,0.25,23262,27652,6329.333333333333,7083.090909090909,36.64913628318093,115346.4844082919,3.148188332716624,2,3.75e-05,3.0,1.2279187260252056,1.253472084348852,1.7954869234200679,0.2593601517605059,0.039175970762064964,0.0002959280303030303,0.00013003131034290135,0.48225425228928076,3.7993664669268057,4.556613250795562,2.244547831403721,7.97288669239391,0.42135190963745117,4.758598370985552,3.6871689666401255,2.0844473947178233,365.54545454545456,0.6162191810029926,1.0,0.10340489401961818,0.9999999963875973,0.17695390071832773,1.0,0.6882006038318981,1.0,0.017034307736056773,0.9999999963875973,0.9946549877975926,0.4848484992980957,1.1275518175327417,1.1936099095778032,1.6338357130686443,1.33012132211165,0.9594797058538957,0.9594797058538957,0.015674999482474628,0.34332303747986304,1.5552155610286829,22.2,2.6,23.0,0.23541667461395263
18,0.12253222106532617,0.117333573712544,0.0,0.08779431941608588,0.0022622491374160304,0.0,0.0,0.00021530445784182203,0.011327464118949138,0.08846216761704648,0.9664785753596913,0.4117054388378606,0.0,0.025455237048954676,0.8485079016318225,0.1,0.8392450590034704,0.932494510003856,1.0,0.6197514539686335,0.15840105138198643,0.06398924260829596,16084,4021,12063,10704,0,0.25,23262,27652,6344.636363636364,7110.121212121212,33.54962140863592,65370.41534238873,2.2270118205836327,2,1.875e-05,3.0,1.0865904472090981,1.2596355514092878,1.6041933876095396,0.27663390880281274,0.04232177646322684,0.0003551136363636364,0.00021530445784182203,0.48790475635817554,3.1698940017006616,4.201352680238239,2.6245779649899976,8.390356685176041,0.4117054388378606,3.9769480156176016,2.5058117852066504,2.786952336629232,365.54545454545456,0.6130700472629431,1.0,0.08103905702856454,0.9999999963875973,0.12171337392294046,1.0,0.7784279332016454,1.0,0.013391879168480184,0.9999999963875973,0.994617881196918,0.4848484992980957,0.8979426098592354,1.180677511475303,1.8933418194452922,1.339507489493399,0.9662503762678667,0.9662503762678667,0.011327464118949138,0.3396879922259938,1.353997725428957,22.4,2.6,23.0,0.2364583432674408
19,0.16209884145946213,0.1554517983035608,0.0,0.1129182174124501,0.002330144246419271,0.0,0.0,0.00020285099283986105,0.014638719926799902,0.12281286897081317,1.198313998453545,0.4209757230498574,0.0,0.02595592302355544,0.8651974341185147,0.1,0.9304798555478205,0.9304798555478205,1.0,0.5086999795608244,0.18738151067129952,0.049142092649350946,16084,4021,12063,10704,0,0.25,23262,27652,6307.151515151515,7073.151515151515,35.32015846714829,94180.34461558949,4.284741464889411,2,1.875e-05,3.0,1.2464072704315186,1.2616657217343648,1.7902727813431711,0.2605764423355912,0.04111806393572778,0.0005918560606060606,0.00020285099283986105,0.4862115807605512,3.741730148142034,4.465859256993809,2.2397660285300782,7.855813922304096,0.4209757230498574,4.668454141327829,3.6060008641445274,2.0667280067097056,365.54545454545456,0.6220019911274766,1.0,0.10324544606335236,0.9999999963875973,0.17620091659553122,1.0,0.7027540911327709,1.0,0.0172545013413059,0.9999999963875973,0.9946774262370486,0.4848484992980957,1.1263827609293389,1.187523274710684,1.9383475383122761,1.329070969061418,0.9587220387025313,0.9587220387025313,0.014638719926799902,0.3546561734242873,1.702398798682473,21.0,2.6,23.0,0.22916667461395263
20,0.11999741546583897,0.11499613433173209,0.0,0.08762939364621133,0.002218963521899599,0.0,0.0,0.00014433550809785217,0.01049401491604151,0.0723737586628307,0.9744011958440145,0.41065307638861914,0.0,0.025589678924095322,0.8529892974698441,0.1,0.9300537868226436,0.9300537868226436,1.0,0.6124054688124838,0.157948453877239,0.06263432686805805,16084,4021,12063,10704,0,0.25,23262,27652,6274.121212121212,7030.727272727273,34.38676209883256,76736.79373076468,2.3866720560825234,2,1.875e-05,3.0,1.082511802514394,1.2722019264192292,1.5987566348278162,0.28517078405076807,0.04180537830248023,0.0005976775886886047,0.00014433550809785217,0.4874139292673631,3.1905981049393164,4.213702883112335,2.6497843589142596,8.489328456647469,0.41065307638861914,3.9988785006783227,2.5020618944457085,2.8274087327899355,365.54545454545456,0.6176738991881862,1.0,0.08093715978391243,0.9999999963875973,0.12060021981596947,1.0,0.7788366476694742,1.0,0.01324445851655169,0.9999999963875973,0.9945729013645288,0.4848484992980957,0.8866938117778662,1.1886936263604597,2.0297754388867,1.3447482441410874,0.9700307990565444,0.9700307990565444,0.01049401491604151,0.3370159719929551,1.4306943362409419,22.8,2.6,23.0,0.23854167461395265
21,0.15701124162384958,0.15065780033667883,0.0,0.10962075875564055,0.001973237052108302,0.0,0.0,0.00016396778510446012,0.010406719628063553,0.12626405556996664,1.1819460464246345,0.4225058980060346,0.0,0.026007444384855367,0.8669148128285122,0.1,0.9239945760090976,0.9239945760090976,1.0,0.48771942828474923,0.18651274064530532,0.04722406997564936,16084,4021,12063,10704,0,0.25,23262,27652,6296.454545454545,7056.363636363636,33.96131856513746,77886.390661991,2.8544492595123523,2,1.875e-05,3.0,1.2585883357308127,1.2353229107278767,1.80010648207231,0.26014664724017633,0.041724575288367996,0.00041429924242424244,0.00016396778510446012,0.4869150699991168,3.6899926806941177,4.40275192955191,2.1980115451208095,7.717855395692768,0.4225058980060346,4.611223206375584,3.575679179393884,2.02409983403755,365.54545454545456,0.6067931128270698,1.0,0.10003792652578065,0.9999999963875973,0.17516763147079584,1.0,0.7114777763684591,1.0,0.016488997293918423,0.9999999963875973,0.9952339078440811,0.4848484992980957,1.120608728943449,1.1589295304182805,1.9821879899863042,1.33826938903693,0.9653572963945793,0.9653572963945793,0.010406719628063553,0.34133971730868023,1.7426507328495835,20.8,2.6,23.0,0.22812500596046448
22,0.12111042513314521,0.11595640862078378,0.0,0.09026523397275896,0.002366707180485581,0.0,0.0,0.00012955384657040915,0.010771811004594907,0.07880575277588585,0.9704219951774135,0.411932882937518,0.0,0.025632504776442723,0.8544168258814241,0.1,0.9336367799254489,0.9336367799254489,1.0,0.5860982098352021,0.15744613082974118,0.058457788294689,16084,4021,12063,10704,0,0.25,23262,27652,6316.454545454545,7066.848484848485,32.824017611416906,62748.097767223015,2.381851156552633,2,1e-05,3.0,1.0770785916935315,1.2485573598832795,1.5936054063565803,0.286356837460489,0.041333326110334107,0.0008285984848484849,0.00012955384657040915,0.4870876200271375,3.1759407953782515,4.193562310337404,2.6446382614758703,8.438519420045795,0.411932882937518,3.9750349738381128,2.4872069069833467,2.8198991977807246,365.54545454545456,0.6101834466963103,1.0,0.08349596963010052,0.9999999963875973,0.12135178065209677,1.0,0.7813001130566453,1.0,0.014033521158677158,0.9999999963875973,0.9949078433441393,0.4848484992980957,0.8791255300695245,1.161059021949768,2.0349016297947276,1.3397008144494258,0.966389840299433,0.966389840299433,0.010771811004594907,0.34027187661691144,1.461884005503221,22.8,2.6,23.0,0.23854167461395265
23,0.15705128612391878,0.1506707128701788,0.0,0.1070930070497773,0.001828088904872085,0.0,0.0,0.000138890305992611,0.01031822494372715,0.13611468582442313,1.1882098660324558,0.4232566799178268,0.0,0.026021827714687047,0.867394257156235,0.1,0.9373491585697435,0.9373491585697435,1.0,0.5317974598871079,0.18951579605994162,0.05144970681521025,16084,4021,12063,10704,0,0.25,23262,27652,6339.151515151515,7094.818181818182,33.4326615189061,71418.65880237926,3.425617165637739,2,1e-05,3.0,1.27600245403521,1.2288431127866108,1.838075648654591,0.2590473352959662,0.041362812742590904,0.00041247814696169263,0.000138890305992611,0.4855396332162799,3.7081769596446645,4.407073237102833,2.197413149013663,7.675112536459258,0.4232566799178268,4.610740242582379,3.5892830256259805,1.9981355450370095,365.54545454545456,0.6041526162263119,1.0,0.09744742281283393,0.9999999963875973,0.17746685535618753,1.0,0.7081184585889181,1.0,0.015444807122659051,0.9999999963875973,0.9951949860110427,0.4848484992980957,1.1153400034615488,1.1509160634243127,2.043623765309652,1.3366020050915806,0.9641545324614553,0.9641545324614553,0.01031822494372715,0.34490878022078314,1.7622564380819148,21.0,2.6,23.0,0.22916667461395263
24,0.10297847211812482,0.09831291753234285,0.0,0.08129404361049335,0.0013545065215139678,0.0,0.0,0.00010011721480457874,0.005807943636847829,0.08382596752860329,0.9641585729338906,0.40943904717763263,0.0,0.025654586469288514,0.8551528823096172,0.1,0.9485071759042664,0.9485071759042664,1.0,0.5627413014342162,0.15433387082257333,0.05530855079760205,16084,4021,12063,10704,0,0.25,23262,27652,6277.393939393939,7041.818181818182,32.862932320797086,58524.016168767754,1.792077084382375,2,1e-05,3.0,1.0722828796415618,1.2586309458270217,1.572485139875701,0.28385634765480505,0.0409995580487179,0.0005355812185867267,0.00010011721480457874,0.48450658267194574,3.1997649091662783,4.173059870345915,2.6902217021781523,8.642746043927742,0.40943904717763263,3.994793429519191,2.4454759323235713,2.9176521012277314,365.54545454545456,0.6374085924842141,1.0,0.07468101602386344,0.9999999963875973,0.12045891944206122,1.0,0.7929101839210048,1.0,0.01180163471761978,0.9999999963875973,0.9947979088985559,0.4848484992980957,0.8865233027573788,1.1666674090154243,2.1645742546428335,1.345741781321439,0.9707474907239279,0.9707474907239279,0.005807943636847829,0.3411037939967531,1.5080179951407693,22.8,2.6,23.0,0.23854167461395265
25,0.15760574512409442,0.15113565664399753,0.0,0.10782652461167538,0.0018195004174203584,0.0,0.0,0.00014026539186791828,0.011617693857867076,0.13636135332512134,1.1845818758010864,0.42286596966512274,0.0,0.02608954546751527,0.8696515155838425,0.1,0.9334328157292526,0.9334328157292526,1.0,0.5046002283047845,0.1870241747595827,0.04875798323723952,16084,4021,12063,10704,0,0.25,23262,27652,6319.181818181818,7073.757575757576,34.95700027003433,87412.7899946733,3.0414775122295725,2,1e-05,3.0,1.2538974393497815,1.2635249423258232,1.7985043417323718,0.26175446943803266,0.040732371084617844,0.0005375399028487278,0.00014026539186791828,0.4843781753019853,3.7275168317737,4.420495724559075,2.2231128975541257,7.637734543193471,0.42286596966512274,4.58887750452215,3.572591868313876,1.9858661745533799,365.54545454545456,0.6321688601464936,1.0,0.09815360458962845,0.9999999963875973,0.17766178421901935,1.0,0.7147907777266069,1.0,0.015796634721372164,0.9999999963875973,0.9945626891020573,0.4848484992980957,1.1156523029009502,1.182310290408857,2.1389705809679898,1.3338081764452385,0.9621392073053302,0.9621392073053302,0.011617693857867076,0.3491491377353668,1.7999565673596931,21.6,2.6,23.0,0.23229167461395264
26,0.1057425087148493,0.1011226311551802,0.0,0.0850225684204788,0.001698241089329575,0.0,0.0,8.697355025850067e-05,0.004787215952367687,0.0724401157913786,0.9645424593578685,0.40967648408629675,0.0,0.025737702150288082,0.8579234050096027,0.1,0.9232555362148358,0.9232555362148358,1.0,0.5789034988152548,0.18126633498017472,0.05706580433749395,16084,4021,12063,10704,0,0.25,23262,27652,6327.424242424242,7074.181818181818,32.82586987813314,60282.20166385535,1.9342612398393226,2,1e-05,3.0,1.080511981790716,1.260697977109389,1.5825315822254529,0.28756095830238226,0.04108629849824039,0.0004172100064655145,8.697355025850067e-05,0.48446657531189197,3.1853248928532456,4.156650016048066,2.6318083744886924,8.518172394145619,0.40967648408629675,3.9760591333562676,2.4620214592326772,2.8534669876098633,365.54545454545456,0.6177662069147284,1.0,0.07827604720086763,0.9999999963875973,0.12227977180119717,1.0,0.785555570414572,1.0,0.012650630627335473,0.9999999963875973,0.9945983940904791,0.4848484992980957,0.8876079176411484,1.1689860134413748,2.2204048308459194,1.348171515898271,0.9725001544663401,0.9725001544663401,0.004787215952367687,0.3402580176339005,1.5314005992629312,23.0,2.6,23.0,0.2395833432674408
27,0.1502344273030758,0.14392840726809067,0.0,0.1046255740026633,0.0018280870986707282,0.0,0.0,0.00012447286038271463,0.008008757667443151,0.14658361853975238,1.188703143235409,0.4222872898434148,0.0,0.026121106103804463,0.8707035367934821,0.03547383741262263,0.9218023226768195,0.9218023226768195,0.014746975567606069,0.49895602668887773,0.18745359886141783,0.04823972922697267,16084,4021,12063,10704,0,0.25,23262,27652,6308.757575757576,7070.727272727273,33.62954093470718,71345.03971354167,2.853965907385855,2,1e-05,3.0,1.2719253373868538,1.2344434044577859,1.8204185095700351,0.2616870489084359,0.041418761240713524,0.00023674242424242425,0.00012447286038271463,0.48501373872612463,3.7253873275988028,4.405823483691631,2.1946105655906627,7.62943679636175,0.4222872898434148,4.588940750468861,3.57544215520223,1.9786284511739558,365.54545454545456,0.6143068698319522,1.0,0.09502812903938872,0.9999999963875973,0.17684571038592944,1.0,0.7179769837495052,1.0,0.015103190474099281,0.9999999963875973,0.9945625283501365,0.4848484992980957,1.1147795789169543,1.1526851690176763,2.152788176681056,1.3378182143876047,0.9650318496155016,0.9650318496155016,0.008008757667443151,0.34867910544077557,1.8348695220369282,22.0,2.6,23.0,0.2343750089406967
28,0.10828825853990787,0.10385682264512236,0.0,0.08492344188870805,0.0015259132240757797,0.0,0.0,0.00013178862095766377,0.0030137201564767483,0.06367778145905698,0.9602726788231821,0.40995139154520904,0.0,0.02572049604864606,0.8573498682882019,0.1,0.9378192425292903,0.9378192425292903,1.0,0.5761753131919933,0.18448232240170506,0.05666805156183076,16084,4021,12063,10704,0,0.25,23262,27652,6333.242424242424,7094.424242424242,33.01043897686583,61545.69164669153,1.6276425367051905,2,1e-05,3.0,1.0954951373013584,1.262120814034433,1.5985802231412944,0.28902649789145496,0.042154456855672776,0.0005947668246473327,0.00013178862095766377,0.4863544720591921,3.1753750931132925,4.164140415585958,2.677107257409354,8.601693066683682,0.40995139154520904,3.9840212085030298,2.444797259388548,2.9019432429111367,365.54545454545456,0.6081063070080497,1.0,0.07820915137276505,0.9999999963875973,0.1214077201756564,1.0,0.7896386764266274,1.0,0.012878093515720331,0.9999999963875973,0.9946393099698153,0.4848484992980957,0.8879659266182871,1.1684414238640757,2.2428486455570567,1.3487032796397354,0.9728837482856981,0.9728837482856981,0.0030137201564767483,0.3420915865536892,1.578122034217372,23.0,2.6,23.0,0.2395833432674408
29,0.14458839076034952,0.13835427661736807,0.0,0.1031586333657756,0.0016646493564952505,0.0,0.0,0.00011282231740882376,0.007181603310031774,0.14792167779171106,1.1860803726947668,0.42106155825383734,0.0,0.026116679299393777,0.8705559766464592,0.1,0.9375696779785123,0.9375696779785123,1.0,0.48959682312195885,0.18666625701249645,0.04739368578193292,16084,4021,12063,10704,0,0.25,23262,27652,6331.818181818182,7091.484848484848,33.27614148457845,69520.36342921402,2.6037898840326252,2,1e-05,3.0,1.263193130493164,1.2244889429121306,1.8020939754717278,0.26212894555294153,0.041578022142251335,0.0001775568181818182,0.00011282231740882376,0.48577952204328595,3.753526391405048,4.4147837133290215,2.2126515944629634,7.677245530215177,0.42106155825383734,4.596798087611343,3.5699823552911933,1.9972425518613872,365.54545454545456,0.6209335905132871,1.0,0.09359431571581146,0.9999999963875973,0.17624879650997394,1.0,0.7186069018913038,1.0,0.015037530031280987,0.9999999963875973,0.994912073467717,0.4848484992980957,1.1168349168517373,1.1410575635505444,2.192689563288833,1.3386137377132068,0.9656056833989692,0.9656056833989692,0.007181603310031774,0.3502218253684766,1.877336617672082,19.0,2.6,23.0,0.21875000596046448
30,0.10022934018210931,0.09584002563673438,0.0,0.07850341431119225,0.0015509092446529503,0.0,0.0,0.00012642619604417686,0.0028069563612999364,0.0767202747590614,0.9603228569030762,0.40818999030373315,0.0,0.02577038205840113,0.8590127352800376,0.1,0.9433945370882688,0.9433945370882688,1.0,0.5696091270209942,0.18548574206867813,0.055826240772222646,16084,4021,12063,10704,0,0.25,23262,27652,6300.878787878788,7063.393939393939,33.17818647442442,65598.68801047585,1.9346214803782376,2,1e-05,3.0,1.1063705971746733,1.2749511202176411,1.6101002368060024,0.2870475144097299,0.04259125278754668,0.0005918560606060606,0.00012642619604417686,0.4856682004350604,3.1516753976995293,4.1602727852034755,2.6903894309826475,8.632677294991232,0.40818999030373315,3.978364106380578,2.42692646113309,2.9124038941932446,365.54545454545456,0.6185619108604662,1.0,0.07200722932589776,0.9999999963875973,0.11851772756287546,1.0,0.7988386804407294,1.0,0.011405963577668776,0.9999999963875973,0.9948708758209691,0.4848484992980957,0.8919788653200323,1.1783679687615596,2.3284714944434888,1.348402496540185,0.972666783766313,0.972666783766313,0.0028069563612999364,0.3431273644620722,1.6257925593491755,23.0,2.6,23.0,0.2395833432674408
