epoch,train_loss,train_base_loss,train_ranking_loss,train_prototype_loss,train_normal_align_loss,train_normal_bucket_adv_loss,train_aux_loss,train_context_regularization_loss,train_adapter_regularization_loss,train_pseudo_contrastive_loss,train_embedding_diffusion_loss,train_embedding_diffusion_score_loss,train_embedding_diffusion_view_loss,prototype_loss_weight_effective,prototype_trust_score,context_residual_budget_weight_effective,context_residual_budget_release_progress,context_residual_budget_prototype_readiness,context_residual_budget_guard_strength,val_auc,val_pr_auc,val_ap,train_targets,train_pos,train_neg,train_hard_neg,train_bg_neg,train_pos_rate,hard_negative_pool_size,hard_negative_candidate_count,avg_subgraph_nodes,avg_subgraph_edges,emb_norm,dirichlet,grad_norm,best_epoch,lr,loss_pos_weight,cold_start_context_signal_mean,cold_start_gate_max,cold_start_gate_mean,cold_start_gate_min,cold_start_support_count_mean,cold_start_zero_support_ratio,context_delta_norm,context_drift_abs_mean,context_emb_norm,context_gate_mean,context_logit_abs_mean,context_residual_clip_fraction,context_residual_penalty,context_stability_gate_mean,diffusion_reconstruction_score,diffusion_score_calibration_mean,diffusion_score_calibration_std,diffusion_score_fraud_mean,diffusion_score_loss,diffusion_score_mean,diffusion_score_normal_mean,diffusion_score_std,diffusion_selected_count,diffusion_sigma_mean,internal_risk_delta_norm,internal_risk_direction_gap_norm,internal_risk_gate_mean,internal_risk_hop_gap_norm,internal_risk_short_long_gap_norm,message_risk_scale_mean,message_risk_score_mean,prototype_active_epoch,prototype_classification_loss,prototype_classification_ratio,prototype_consistency_loss,prototype_loss_ramp,prototype_margin,prototype_memory_initialized_ratio,prototype_separation_loss,prototype_target_available_ratio,prototype_temporal_stability,target_time_position_mean,time_emb_norm,time_expert_context_drift,time_expert_delta_norm,time_expert_entropy,time_expert_entropy_gate,time_expert_entropy_norm,time_expert_entropy_penalty,time_expert_max_weight,time_expert_time_emb_norm
1,0.6674192994832993,0.6641350284670339,0.0,0.0,0.0,0.0,0.0,2.0127374062378127e-06,0.01611849996455324,0.0,1.9485636227058643,0.5295834378762678,0.0,0.04,1.0,0.1,0.0,0.0,1.0,0.7720306846154406,0.569456619925553,0.560612402801905,16084,4021,12063,0,0,0.25,0,0,6346.666666666667,7113.878787878788,31.258439324118875,105708.15806255919,7.9846094503547205,1,0.0003,3.0,0.41280891407619824,0.04654032669284127,0.01951858920581413,0.0016372970545269322,14.599276253671357,0.0,1.168367609833226,1.282837427926786,1.4299185745643848,0.6356099925257943,0.013400049601455756,0.0,2.0127374062378127e-06,0.5027293752540242,5.517470013011586,6.658119217342657,0.3362697514937254,7.041777235088927,0.5295834378762678,6.4498757738055605,6.252575498638731,0.554739212081062,365.54545454545456,0.6320907527750189,0.20041075145656412,13.676678397438742,0.5182727123751785,13.856368440570254,0.0006650075198249948,0.9956786867344019,0.47119142882751697,0.0,0.0,0.0,0.0,0.0,0.0,0.0,0.0,0.0,0.0,0.4848484992980957,1.7112726478865652,1.2765830294652418,0.295973155986179,1.3357158827059197,0.9635153214136759,0.9635153214136759,0.01611849996455324,0.33086411971034424,1.682348612583045
2,0.6752396523952484,0.6678875644098629,0.0,0.05006379854272713,0.039447596578887016,0.0,0.0,0.0,0.028004175538874486,0.0,1.5031911351464011,0.4737516361655611,0.0,0.04,1.0,0.1,0.0,0.0,1.0,0.776472165962875,0.5968385469513481,0.5879636383910478,16084,4021,12063,10704,0,0.25,23262,27652,6343.939393939394,7113.818181818182,35.57832030094031,117622.63946348248,23.74480525110707,2,0.0003,3.0,0.414226158098741,0.044896327072020736,0.020116276587500717,0.001668381707559368,14.669181390242143,0.0,0.908115925210895,1.5580525687246611,1.3814363985350637,0.42968738169381115,0.015587493607943708,0.0,0.0,0.48468884554776276,4.654855049017704,5.788627502840248,1.418673526860337,7.896771243124297,0.4737516361655611,5.7151617570356885,4.987958763584946,1.6071349021160242,365.54545454545456,0.6275313912015973,0.27952973093047284,13.645394440853234,0.5323161085446676,13.856357025377678,0.000782763254722919,0.9957441001227407,0.4716275216955127,1.0,0.1911059891184171,0.969696966084567,0.14783418630108688,0.25,0.47617220517360803,1.0,0.035149886159960064,0.969696966084567,0.8692418318806272,0.4848484992980957,1.2076674519163189,1.5625636234427944,0.16360010003501718,1.3207944017468076,0.9527517647454233,0.9527517647454233,0.028004175538874486,0.3410008450349172,1.1217887004216511
3,0.4930184126803369,0.4867467315811099,0.0,0.09520706195722926,0.018520880829204212,0.0,0.0,0.0,0.02598460677704266,0.0,1.4114672920920632,0.45824789639675256,0.0,0.022862736452061605,0.5715684113015401,0.1,0.0,0.0,1.0,0.7748239039794995,0.5467521809265457,0.5379577348659588,16084,4021,12063,10704,0,0.25,23262,27652,6247.242424242424,6980.0,35.29760464754972,87875.28671357126,8.955932322776679,2,0.0003,3.0,0.412120085774046,0.04837124456058849,0.020641102653109665,0.0017941183601082726,14.366694045789314,0.0,1.0015766783194109,1.3288322723273076,1.5852412093769421,0.3456447675372615,0.01868561940324126,0.0,0.0,0.46895632328409137,4.457844553571759,5.705385880321858,1.6126855041511001,7.915798273953524,0.45824789639675256,5.630694476040927,4.868993318442143,1.614036950198087,365.54545454545456,0.6149774681438099,0.38845052592682117,13.676729722456498,0.5759401050480929,13.856373324538723,0.0007452889006923546,0.9957927862803141,0.47195206447081134,1.0,0.1798131542675423,0.9999999963875973,0.17945471541448074,0.5,0.527902625726931,1.0,0.03256468932059678,0.9999999963875973,0.9913849198456967,0.4848484992980957,1.3183878840822163,1.3306055683078188,0.19079232757741754,1.3232100949142918,0.9544943083416332,0.9544943083416332,0.02598460677704266,0.34004391504056525,1.1680289579160286
4,0.22959927740422162,0.22376407728050696,0.0,0.09723887231313821,0.009478543743942722,0.0,0.0,0.0,0.025265178720777232,0.0,1.1348279678460322,0.4491672452652093,0.0,0.025854046999886384,0.6463511749971595,0.1,0.0,0.0,1.0,0.7797196116718196,0.6246566848044466,0.6157595707707193,16084,4021,12063,10704,0,0.25,23262,27652,6342.969696969697,7090.575757575758,33.379193566062234,41330.64147209399,2.4002235947233257,4,0.0003,3.0,0.41338697346774017,0.04630620168014006,0.020928445921251267,0.0018045365895059976,14.576015790303549,0.0,0.8992882063894561,1.1034441499999075,1.5555748506025835,0.29774468234091095,0.023252132659157116,0.0,0.0,0.461311731374625,3.813236547238899,5.005201708946548,2.118526670970825,8.201825127457127,0.4491672452652093,4.771791501478716,3.6284469618941797,2.366150397242922,365.54545454545456,0.603453354402022,0.5608793542240605,13.690047697587447,0.6816685994466146,13.856364914865205,0.0006352181689263406,0.9958400563760237,0.4722671951308395,1.0,0.12183724772749525,0.9999999963875973,0.13546675353339224,0.75,0.631042809197397,1.0,0.020824930630624294,0.9999999963875973,0.9911244294860146,0.4848484992980957,1.0589020216103755,1.1025618983037544,0.1453897338924986,1.3289745865446148,0.9586525053688975,0.9586525053688975,0.025265178720777232,0.336405977155223,0.8599458680008397
5,0.2347723272713748,0.22696780052148935,0.0,0.14001883961486095,0.010930335882938269,0.0,0.0,1.739645129859899e-05,0.024105836774017946,0.0,1.2328482541170986,0.43914127259543445,0.0,0.03127427867040318,0.7818569667600794,0.1,0.0,0.0,1.0,0.639652485541101,0.17551316644524229,0.06695248146601336,16084,4021,12063,10704,0,0.25,23262,27652,6336.151515151515,7116.151515151515,35.109395923036516,39622.75503447562,3.4023612972461814,4,0.0003,3.0,0.41337167945775116,0.04992165822874416,0.021453190425580197,0.001776065695043089,14.533748857902758,0.0,1.0262529542951873,1.1554580782399033,1.7538052652821396,0.24543734752770627,0.028876232999292286,0.0,1.739645129859899e-05,0.4536634295275717,4.1494300220951885,5.073153734046936,2.2571705932826776,8.405024774146803,0.43914127259543445,5.185920816479308,4.112886190414429,2.173439972328417,365.54545454545456,0.6347350731040492,0.7460382418199019,13.702656861507531,0.804151840282209,13.856376792445328,0.0006515025681547934,0.9957097985527732,0.47139880332079803,1.0,0.13062980206626834,0.9999999963875973,0.1654407659714872,1.0,0.6046640159505786,1.0,0.022339967192348206,0.9999999963875973,0.9921770420941439,0.4848484992980957,1.1622087052374175,1.1532150127670981,0.16658772121776233,1.3242705590797192,0.9552592851898887,0.9552592851898887,0.024105836774017946,0.34048622936913464,1.0391699455001138
6,0.19696775552901355,0.19119551529486975,0.0,0.10263884857748494,0.004918255589225076,0.0,0.0,2.5319073329504164e-08,0.01545795754204984,0.0,1.0037828412922947,0.42381542830756214,0.0,0.03240321872647191,0.8100804681617977,0.1,0.0,0.0,1.0,0.780420037178295,0.6223749392249187,0.6134856036702124,16084,4021,12063,10704,0,0.25,23262,27652,6251.363636363636,6978.636363636364,34.17607567527077,16195.775845614347,3.9140761603008616,6,0.0003,3.0,0.41118508306416596,0.04807871026974736,0.02182133947357987,0.0019038289672497547,14.363925326954234,0.0,0.9302748712626371,1.0596730383959683,1.6393078348853372,0.21246889052969037,0.03206091125806173,0.0,2.5319073329504164e-08,0.4479986411152464,3.5276333274263325,4.718688155012599,2.6456782846488367,8.802985913825758,0.42381542830756214,4.481103897094727,3.040476603941484,2.812762650576505,365.54545454545456,0.6210592560695879,0.8369751337802771,13.721831957499186,0.8631319204966227,13.856370030027447,0.0005484431317061976,0.9959092302755876,0.4727283734263796,1.0,0.09554916733142102,0.9999999963875973,0.12509041076356714,1.0,0.7139607523426865,1.0,0.016703222497281702,0.9999999963875973,0.9929380272374009,0.4848484992980957,0.9896887775623437,1.0613744728492969,0.19752169468186118,1.3364151499488137,0.9640197320417925,0.9640197320417925,0.01545795754204984,0.3382111390431722,0.8535357551141218
7,0.1917536248537627,0.1851725119984511,0.0,0.11074518412351608,0.009078816934065386,0.0,0.0,0.00017022155225276947,0.016299675612765095,0.0,1.1425232815020012,0.42474060799136304,0.0,0.03366197694576147,0.8415494236440368,0.1,0.0,0.0,1.0,0.7796333712764143,0.6211086755820119,0.6122163080328994,16084,4021,12063,10704,0,0.25,23262,27652,6369.090909090909,7128.909090909091,35.374613444010414,14845.095532966383,3.354533710262992,6,0.0003,3.0,0.41375168887051667,0.05124721213272124,0.021995789738315525,0.0018191493335038874,14.70418762438225,0.0,0.9934097438147573,1.128583935174075,1.7849536592310125,0.1964329986861258,0.029816000694126793,0.0,0.00017022155225276947,0.43194441000620526,3.9417273420276064,4.871820875514776,2.5656318185565152,8.79052566759514,0.42474060799136304,5.026072863376502,3.771255348667954,2.444279735738581,365.54545454545456,0.6259427233175798,0.9011981938824509,13.730927871935295,0.9476122531023893,13.856380751638701,0.0005675018165316997,0.995831038012649,0.4722071208737113,1.0,0.10198841751976447,0.9999999963875973,0.1574080613526431,1.0,0.6844733393553531,1.0,0.01772728896078964,0.9999999963875973,0.9934285824949091,0.4848484992980957,1.0585446068734834,1.128284297206185,0.2233697803634586,1.3361369407538213,0.9638190594586459,0.9638190594586459,0.016299675612765095,0.33446820215745404,0.9594440153150847
8,0.13056913537509512,0.12574369076526526,0.0,0.08192221064007643,0.00548771114060373,0.0,0.0,0.0,0.008851665880876792,0.0,0.9280596447713447,0.4130513993176547,0.0,0.03378040258242798,0.8445100645606995,0.1,0.0,0.0,1.0,0.7821526208597542,0.5552088128216156,0.5465198066497331,16084,4021,12063,10704,0,0.25,23262,27652,6318.575757575758,7068.363636363636,35.24697309551817,7705.949640447443,1.9489503159667507,8,0.0003,3.0,0.41092206131328235,0.049102684765151054,0.02235600154734019,0.0019103123411310442,14.519820589007754,0.0,0.8457705324346368,1.1253404328317353,1.634096207040729,0.15805835457462253,0.025926590784255302,0.0,0.0,0.4177753473773147,3.3391862204580596,4.369997388703922,2.7787630395077416,8.844881577925248,0.4130513993176547,4.151891455505833,2.5875614989887583,2.970610423521562,365.54545454545456,0.6181727503285264,1.0227504751899026,13.751918012445623,0.9668159755793485,13.85637514518969,0.0005433061168966533,0.9958593068700848,0.47239545529538934,1.0,0.07537530091675845,0.9999999963875973,0.11857528871659076,1.0,0.7594423203757314,1.0,0.012362903717792395,0.9999999963875973,0.9939287539684412,0.4848484992980957,0.9153167352531896,1.1302860903017449,0.31062800234014337,1.3440575419050274,0.9695325728618738,0.9695325728618738,0.008851665880876792,0.330335919604157,0.7517620036096284
9,0.14241370558738708,0.13711038401181047,0.0,0.09102952999599052,0.006289738597291888,0.0,0.0,5.345436820238264e-05,0.0065065199305536225,0.0,1.0887983838717143,0.4138738955512191,0.0,0.034668371531922065,0.8667092882980516,0.09338435833983526,0.09450916657378206,0.9450916657378206,0.0,0.7273496771337328,0.18467788436218588,0.09354604293049491,16084,4021,12063,10704,0,0.25,23262,27652,6329.69696969697,7085.242424242424,36.237377629135594,5767.662131569602,2.2027513023578758,8,0.0003,3.0,0.4126074503768574,0.05241845864238161,0.022638236539381924,0.0017551525150228179,14.762776548212225,0.0,0.959062352324977,1.1390965960242532,1.7818837852189036,0.19307781846234293,0.026743592525070362,0.0,5.345436820238264e-05,0.41470366264834546,3.783100821755149,4.7421551883774775,2.781279640848828,9.225727485887932,0.4138738955512191,4.961301529046261,3.5398263859026358,2.7055188236814556,365.54545454545456,0.6031629036773335,1.0115041281237747,13.750999941970363,0.976419600573453,13.856383381467877,0.0005421947624365038,0.9959503159378514,0.4730022070985852,1.0,0.08305209333246405,0.9999999963875973,0.14541054313833063,1.0,0.7128232970382228,1.0,0.014138185560251728,0.9999999963875973,0.9941800706314318,0.4848484992980957,1.0410518790736343,1.1426050374002168,0.28738036209886725,1.3437638210527825,0.9693206801558986,0.9693206801558986,0.0065065199305536225,0.3343222177389896,0.9350034450039719
10,0.09771121902899309,0.09378877236987605,0.0,0.06936216817209215,0.0037298780499082623,0.0,0.0,1.1142572585606214e-05,0.0007182834175237627,0.0,0.8845781431053624,0.4069605821912939,0.0,0.03470745815743959,0.8676864539359899,0.1,0.1882938276049409,0.9414691380247044,1.0,0.7829054570983318,0.6410135891326577,0.6321153183658744,16084,4021,12063,10704,0,0.25,23262,27652,6336.848484848485,7083.30303030303,36.7724837100867,5420.532611268939,1.210057898904338,10,0.0003,3.0,0.4129709872332486,0.05111049205967874,0.023269045307780758,0.002130419111133299,14.518087589379514,0.0,0.8309718081445405,1.1894223112048525,1.6288180423505378,0.20582730706894037,0.025273322748641174,0.0,1.1142572585606214e-05,0.4009421603246169,3.241936633081147,4.334668340357072,3.138819964510542,9.521989706790809,0.4069605821912939,4.164078322323886,2.378107872876254,3.3453812165693804,365.54545454545456,0.622305385091088,1.059016794869394,13.759125796231357,0.9819359345869585,13.856380491545707,0.000554290530448215,0.9958803328600797,0.47253573843927094,1.0,0.0632263890495806,0.9999999963875973,0.1125072617874001,1.0,0.7916821440060934,1.0,0.010208315018451574,0.9999999963875973,0.9949294726053873,0.4848484992980957,0.8598633715600679,1.1923737200823696,0.3867341605099765,1.3624027317220515,0.9827658245057771,0.9827658245057771,0.0007182834175237627,0.32370628371383203,0.7373431812633168
11,0.09532482954532359,0.0911791988676696,0.0,0.06982304607376907,0.003360712166988488,0.0,0.0,1.1741323043789826e-06,0.0019336217515184685,0.0,1.0067814588546753,0.4026146756880211,0.0,0.03539552702262116,0.884888175565529,0.08016677667300401,0.2833317618142286,0.9444392060474286,0.0,0.6883714420282772,0.18244031688365345,0.07868497035550484,16084,4021,12063,10704,0,0.25,23262,27652,6281.666666666667,7018.121212121212,37.58513155850497,5098.210952296402,1.308740800077265,10,0.0003,3.0,0.412035654891621,0.0543248209763657,0.023621250000415428,0.0021498444680632515,14.338472886518998,0.0,0.876085057403102,1.2382080699458267,1.7058128515879314,0.18617677056428159,0.019075204928716023,0.0,1.1741323043789826e-06,0.38708502596074884,3.6742552121480307,4.731729028545725,3.226909411813086,9.775934219360352,0.4026146756880211,4.834907878528941,3.1878992427479136,3.0545047557715215,365.54545454545456,0.6166227514093573,1.0681591070059575,13.7581675269387,0.984440064791477,13.85638595349861,0.0005663486963109763,0.9958067120927753,0.47204486619342456,1.0,0.062408562185186325,0.9999999963875973,0.13847132681897192,1.0,0.7628935160058917,1.0,0.009818360428184722,0.9999999963875973,0.9955832542795123,0.4848484992980957,1.0100342215913716,1.2454083074222912,0.4290323483221459,1.3604309486620354,0.981343484286106,0.981343484286106,0.0019336217515184685,0.3117014368375142,0.8949914086948741
12,0.07765260153929844,0.0741424162477029,0.0,0.056845968927849426,0.0044120604341680355,0.0,0.0,2.8582915988270985e-07,0.00010725158746495391,0.0,0.868367379361933,0.4009873252926451,0.0,0.03544378292035919,0.8860945730089798,0.1,0.38311409423810017,0.9577852355952504,1.0,0.686442646299661,0.17790141093410206,0.07851890977418255,16084,4021,12063,10704,0,0.25,23262,27652,6403.454545454545,7171.727272727273,37.332986195882164,4353.746929746686,1.2066806744445453,10,0.0003,3.0,0.4137090742588043,0.052740210836583916,0.023748425766825676,0.0021229660399540357,14.828295996694854,0.0,0.7827517462499214,1.27722290429202,1.5823690927389897,0.20268648050048135,0.019335793303043552,0.0,2.8582915988270985e-07,0.3837601668906934,3.221918301148848,4.243211561539833,3.2321436249390234,9.725412542169744,0.4009873252926451,4.117168802203554,2.2477543101166235,3.4457335472106934,365.54545454545456,0.6112451246290496,1.0909126671877774,13.76783509687944,0.9852531371694623,13.856380202553488,0.0005642664213100392,0.9956610708525686,0.4710738288633751,1.0,0.05100950401163462,0.9999999963875973,0.10894418011109035,1.0,0.8016208121270845,1.0,0.007785122520572534,0.9999999963875973,0.9952337561231671,0.4848484992980957,0.8452882369359335,1.2690148461948743,0.5680584076679114,1.3558062025994966,0.9780074412172491,0.9780074412172491,0.00010725158746495391,0.3241448158567602,0.6079100316221063
13,0.07703522271053358,0.07342797630664075,0.0,0.05656706903016928,0.0028351870450106535,0.0,0.0,0.0001346125124352208,0.00039045289425606217,0.0,0.996439440683885,0.3991732886343291,0.0,0.036008404969816436,0.9002101242454108,0.1,0.48483557733725957,0.9696711546745191,1.0,0.6816551935299102,0.18233154799570786,0.07677484081406569,16084,4021,12063,10704,0,0.25,23262,27652,6287.969696969697,7036.69696969697,38.648127700343274,4270.402802438447,1.199723145275405,10,0.0003,3.0,0.4119545645786054,0.05619363768985777,0.024529894080125923,0.0021916584810242057,14.381040370825565,0.0,0.8747606801264214,1.3677755810997703,1.718073111591917,0.19836110034675308,0.020464448766274887,0.0,0.0001346125124352208,0.3720353065115033,3.6157223961570044,4.677564671182011,3.2395851988713034,9.994700200629957,0.3991732886343291,4.858968965934984,3.147058595310558,3.1517482670870693,365.54545454545456,0.6222159952828379,1.0953780701666167,13.778080044370709,0.9865800666086602,13.856387889746463,0.000579575872203956,0.9959033258033522,0.4726889639189749,1.0,0.049634032120758835,0.9999999963875973,0.1312508535656062,1.0,0.7984485842964866,1.0,0.007409882047354724,0.9999999963875973,0.9953720027750189,0.4848484992980957,0.9885260011210586,1.3245111956740871,1.3974978237441091,1.3635662938609268,0.9836051608576919,0.9836051608576919,0.00039045289425606217,0.3112182851993676,0.8925601948391307
14,0.046290261755612766,0.04355558366373633,0.0,0.03898718817667528,0.0022130482124559808,0.0,0.0,0.0,4.789563403888182e-05,0.0,0.8231218186291781,0.3924190438154972,0.0,0.0360654324816763,0.9016358120419075,0.1,0.5808448929783117,0.9680748216305195,1.0,0.6850781495517521,0.17919264248222017,0.07804803104606205,16084,4021,12063,10704,0,0.25,23262,27652,6274.727272727273,7019.484848484848,39.53754910555753,3996.773134173769,0.9040127351428523,10,0.00015,3.0,0.4115871181993773,0.054877025611472854,0.02502903472067732,0.0022403416506042986,14.395148306181937,0.0,0.7039575378100077,1.559691815665274,1.464126655549714,0.18359602220130689,0.01225136180944515,0.0,0.0,0.3405521602341623,3.023881261998957,4.297473614275563,3.7201687989218937,10.52680625337543,0.3924190438154972,4.088832161643288,1.9428407567920107,3.8755089514183276,365.54545454545456,0.6011115276452267,1.1232515465129504,13.786110444502397,0.9893822850603046,13.856385375514176,0.0006086219236198249,0.9958867665493127,0.472578660105214,1.0,0.03419175072375572,0.9999999963875973,0.09110002332564557,1.0,0.8718488975004717,1.0,0.0048087190088787765,0.9999999963875973,0.9961051128127358,0.4848484992980957,0.8543885548909506,1.4719780322277185,2.429264596014312,1.3542907779867,0.9769142866134644,0.9769142866134644,4.789563403888182e-05,0.3184348931818297,0.6351639664534366
15,0.043266539659464,0.040338133235998226,0.0,0.04039005585240595,0.0017249566135984478,0.0,0.0,0.0,6.763184294620508e-05,0.0,0.9676016370455424,0.3911819178046602,0.0,0.036642505550771566,0.9160626387692892,0.1,0.6642248117145257,0.9488925881636083,1.0,0.6989357894813378,0.17693602289227875,0.08294346221386405,16084,4021,12063,10704,0,0.25,23262,27652,6305.969696969697,7046.727272727273,39.5110610037139,4485.06611772017,0.9884661806352211,10,0.00015,3.0,0.413543852892789,0.05792912818265684,0.02512531355023384,0.0021984203909100456,14.541328314578895,0.0,0.8032361991477736,1.5981575539617827,1.6084876493974165,0.17767600308765064,0.011896115981719711,0.0,0.0,0.34100408445705066,3.525048349842881,4.886869255410644,3.893820645751819,11.70488083001339,0.3911819178046602,5.172905473998099,2.9955804275743887,3.920802065820405,365.54545454545456,0.6250837806499365,1.124601165453593,13.775433309150465,0.9895248665954127,13.856388901219223,0.0006001025956886059,0.9957146445910136,0.47143096363905707,1.0,0.03404294880050601,0.9999999963875973,0.12258123109738032,1.0,0.8429981957782399,1.0,0.004360902154902843,0.9999999963875973,0.9960313204563025,0.4848484992980957,1.0205299637534402,1.4753595807335593,3.374205090782859,1.3611648913585779,0.9818729053844105,0.9818729053844105,6.763184294620508e-05,0.3163042628403866,0.9017213095318187
16,0.0309635982002047,0.028638884213499048,0.0,0.02938186148689552,0.0014536796194134336,0.0,0.0,0.0,1.7695128917694092e-08,0.0,0.7842506350892963,0.38750582933425903,0.0,0.036766655673815575,0.9191663918453894,0.047397904264198105,0.7514585105114556,0.9393231381393194,0.0,0.7037199097767929,0.1770189982947577,0.0848240261278114,16084,4021,12063,10704,0,0.25,23262,27652,6342.393939393939,7102.363636363636,39.692884502988875,4075.4865204782195,0.7477002315448992,10,0.00015,3.0,0.41300230947407807,0.05534395643255927,0.0253045613679922,0.002182097911524276,14.5720170916933,0.0,0.7041545094865741,1.7111891074614092,1.4683003967458552,0.17582065137949857,0.011620502918958664,0.0,0.0,0.3310020963350932,2.9634591738382974,4.332848202581535,4.159186017448301,11.294350710782139,0.38750582933425903,4.091765179778591,1.6909034179918694,4.28725478143403,365.54545454545456,0.6213314966721968,1.1409681999322139,13.786740274140328,0.9904852617870678,13.85638696497137,0.0006207430763452342,0.9958559979091991,0.47237340609232586,1.0,0.024935777807100254,0.9999999963875973,0.08583732333147165,1.0,0.9124627239776381,1.0,0.00308434615065132,0.9999999963875973,0.9958967873544404,0.4848484992980957,0.8727338458552505,1.5611499403462266,3.858135562954527,1.3696175741426873,0.9879702293511593,0.9879702293511593,1.7695128917694092e-08,0.3056361693324465,0.7995777130126953
17,0.027865620957913274,0.02529663077350988,0.0,0.0315819713145946,0.0011194221901171136,0.0,0.0,0.0,3.142439668684374e-05,0.0,0.9470796783765157,0.3865785743250991,0.0,0.03729308612774547,0.9323271531936368,0.040131369704965135,0.8552661470719266,0.9502957189688074,0.0,0.6808315674585702,0.18449652502302286,0.076340596946867,16084,4021,12063,10704,0,0.25,23262,27652,6370.909090909091,7126.454545454545,39.60167173905806,4323.121981534091,0.6881664039736445,10,0.00015,3.0,0.41273294524712995,0.058495631497917755,0.02528741154255289,0.002178987929117725,14.658308000275582,0.0,0.8062691616289543,1.6622177037325772,1.607798608866605,0.17797209683692816,0.01220199065000722,0.0,0.0,0.3371098005410397,3.4583483320294004,4.928817201349994,4.1720561206534095,12.070920886415424,0.3865785743250991,5.185807618227872,2.8907698862480395,4.091873009999593,365.54545454545456,0.6174639589858778,1.126093698270393,13.789000308874881,0.9901978192907391,13.856389276909105,0.0006164827024225484,0.9957296053568522,0.4715308357368816,1.0,0.025587455030869354,0.9999999963875973,0.11719234581246521,1.0,0.8749453804709695,1.0,0.0026979711161182036,0.9999999963875973,0.9963435639034618,0.4848484992980957,1.04765364076152,1.510538354064479,4.078737237236717,1.3618738470655498,0.9823843150427847,0.9823843150427847,3.142439668684374e-05,0.32006101174788043,1.2723225138404153
18,0.01699485708818291,0.0149946433181564,0.0,0.02102398553468061,0.0010901183793039033,0.0,0.0,0.0,1.2781837898673434e-06,0.0,0.7802291837605563,0.3822050528092818,0.0,0.037253152099806515,0.9313288024951629,0.1,0.9433672506264056,0.9433672506264056,1.0,0.6523012451739714,0.18506416417614474,0.06977912115577342,16084,4021,12063,10704,0,0.25,23262,27652,6298.939393939394,7050.69696969697,39.73213947180545,3923.54599461411,0.5159479499314771,10,7.5e-05,3.0,0.41119112932320795,0.056327020354343185,0.02560860189524564,0.0023059211248023944,14.415797435876096,0.0,0.7253607493458372,1.8124006553129717,1.4687279824054602,0.1901102684664004,0.01273732011516889,0.0,0.0,0.33031570730787335,2.968325051394376,4.734589011399069,4.877627881369523,13.296649643869111,0.3822050528092818,4.567549329815489,1.6578491456580884,5.128774686293169,365.54545454545456,0.6473067800203959,1.1383546590805054,13.798732324080033,0.9910837863430833,13.856387687451912,0.0006198210458299427,0.9958373723608075,0.47224929748159467,1.0,0.01697764006640875,0.9999999963875973,0.07934313888351123,1.0,0.9408295172633547,1.0,0.001583770482477231,0.9999999963875973,0.9967559503786492,0.4848484992980957,0.9124173052383192,1.6290114214926055,4.603988040577281,1.368596947554386,0.987233994585095,0.987233994585095,1.2781837898673434e-06,0.30926101857965643,1.3580490097855076
19,0.026238540935358316,0.023772280070592056,0.0,0.02904528616504236,0.0008810903086806788,0.0,0.0,0.0,6.454284161780819e-06,0.0,0.9416350054018425,0.3857792489456408,0.0,0.03768149264314216,0.942037316078554,0.1,0.9325765693728792,0.9325765693728792,1.0,0.6561481323198303,0.1877798288743566,0.0708598806354219,16084,4021,12063,10704,0,0.25,23262,27652,6284.757575757576,7027.939393939394,39.806811708392516,4352.733228278883,0.8368779267325546,10,7.5e-05,3.0,0.41214949253833655,0.058900513206467484,0.025610147044062614,0.0022859176599674606,14.383317773992365,0.0,0.8201229337489966,1.7449114069794163,1.5990757725455544,0.19068397626732336,0.012889850150906679,0.0,0.0,0.3375299103332288,3.4492239807591294,4.993586600242675,4.343745934980045,11.981627839984316,0.3857792489456408,5.137932199420351,2.8567004203796387,4.059113054564505,365.54545454545456,0.606715308897423,1.1355230699885974,13.795285138216885,0.9899082779884338,13.856390288381865,0.0006233290980824015,0.9957220807219996,0.47148054206010065,1.0,0.02322959586639296,0.9999999963875973,0.11385134788173618,1.0,0.8936300873756409,1.0,0.0024624541225476246,0.9999999963875973,0.9969551491014885,0.4848484992980957,1.0790624419848125,1.5632418105096528,4.750601017113888,1.3673736326622241,0.9863515676874103,0.9863515676874103,6.454284161780819e-06,0.30994498187845404,1.5392001217061824
20,0.013694202950732275,0.011790023996692264,0.0,0.018922353840687058,0.0009865887237317634,0.0,0.0,0.0,0.0,0.0,0.7630001667774085,0.38120992888103833,0.0,0.03755553495157591,0.9388883737893977,0.1,0.9018179303169933,0.9018179303169933,1.0,0.6986291008620809,0.18492124432836993,0.08246940196928218,16084,4021,12063,10704,0,0.25,23262,27652,6337.121212121212,7095.909090909091,39.81180110122218,4017.368770714962,0.41187310467163724,10,7.5e-05,3.0,0.4133077616041357,0.05651480896454869,0.025387817203547016,0.002139368285001679,14.697508378462357,0.0,0.7386664802377875,1.8521438764803337,1.4874627156691118,0.19656290339701105,0.013449497154038963,0.0,0.0,0.3300818015228618,2.9199955824649697,4.6392683120277205,4.837771324082525,13.25394919424346,0.38120992888103833,4.474003314971924,1.5473546259330981,5.149222345063181,365.54545454545456,0.6231702132658525,1.1473291498242002,13.789715535712965,0.9905759836688186,13.856387803048799,0.0006383548219067355,0.9957666071978483,0.4717775709701307,1.0,0.015034653514510754,0.9999999963875973,0.07648228526566968,1.0,0.9604512597575332,1.0,0.0012717160264428733,0.9999999963875973,0.997253802689639,0.4848484992980957,0.9269528750217322,1.652216040726864,4.91494623819987,1.3760905446428242,0.9926394874399359,0.9926394874399359,0.0,0.2952661162072962,1.4020846034541274
21,0.016564555776615936,0.014273957973769442,0.0,0.024442663670263508,0.0009409116976188891,0.0,0.0,0.0,9.226664477671765e-06,0.0,0.9339569554184423,0.3828383539662217,0.0,0.03789665694519512,0.947416423629878,0.03704216388090693,0.8993976588441868,0.8993976588441868,0.0,0.689911045152805,0.20391922305928198,0.07950755654325725,16084,4021,12063,10704,0,0.25,23262,27652,6301.848484848485,7043.424242424242,39.859595443263196,4164.163248697917,0.6640999931277651,10,7.5e-05,3.0,0.4129065546122464,0.058888489098259895,0.025620957215627033,0.0021141202746410713,14.691775986642549,0.0,0.8417469967495311,1.775491136493105,1.6131929701024836,0.1959336982531981,0.014182520494090788,0.0,0.0,0.3382589537085909,3.446282198934844,5.158397182895238,4.70710268847605,13.122051932594992,0.3828383539662217,5.399986946221554,2.825965390060887,4.547394145618785,365.54545454545456,0.619277200012496,1.1314817955999663,13.794526273554022,0.9902791200262128,13.856390114986535,0.0006224543163129551,0.9959191138094122,0.4727943115162127,1.0,0.018779548901048573,0.9999999963875973,0.11168626131433429,1.0,0.907081278887662,1.0,0.0015760348848716328,0.9999999963875973,0.9972195282126918,0.4848484992980957,1.1031974897240147,1.5865384448658337,4.935582970127915,1.3699079788092412,0.9881797161969271,0.9881797161969271,9.226664477671765e-06,0.30507762414036377,1.6977988084157307
22,0.009868165005393552,0.008077985089392203,0.0,0.01625571447904363,0.0006214308016227953,0.0,0.0,0.0,0.0,0.0,0.7664434855634515,0.37973813577131793,0.0,0.037705297738986704,0.9426324434746676,0.1,0.9068416489526652,0.9068416489526652,1.0,0.6903604242623518,0.1971560675033034,0.07982278108903047,16084,4021,12063,10704,0,0.25,23262,27652,6375.484848484848,7151.363636363636,40.12512611620354,4003.578953598485,0.3425145171244036,10,3.75e-05,3.0,0.413164319414081,0.05663070398749727,0.025642860172824425,0.00216148440570881,14.748086987119732,0.0,0.7708973541404261,1.9046520933960422,1.5032364202268196,0.2058227089318362,0.015197791018043503,0.0,0.0,0.3312455506035776,2.918075539849021,4.880697170880712,5.264162293485424,14.160467610214695,0.37973813577131793,4.708848433061079,1.558308760325114,5.520607890504779,365.54545454545456,0.6251773527174285,1.147797335277904,13.79960551406398,0.9912768168882891,13.856388034242572,0.0006459026057696478,0.9956381953123844,0.47092134031382477,1.0,0.01256044577299194,0.9999999963875973,0.07306317736705144,1.0,0.967768770275694,1.0,0.0008421943924380079,0.9999999963875973,0.9971807906121919,0.4848484992980957,0.9718677148674474,1.6958848671479658,5.165055766250148,1.3749298760385225,0.991802251700199,0.991802251700199,0.0,0.29436419046286383,1.728547681461681
23,0.016463397585815102,0.014201974194182902,0.0,0.024028040666246052,0.000787464055148038,0.0,0.0,0.0,2.406449383477483e-05,0.0,0.9239791974876866,0.3827061147400827,0.0,0.03804561018729623,0.9511402546824057,0.1,0.9009117809697305,0.9009117809697305,1.0,0.6795378605434237,0.2123312807995107,0.07630577244517289,16084,4021,12063,10704,0,0.25,23262,27652,6287.848484848485,7044.424242424242,40.1127771319765,4222.885734789299,0.6288205453787338,10,3.75e-05,3.0,0.41155992312864825,0.059006748777447326,0.025866664212309952,0.002143180713932397,14.373347773696437,0.0,0.8627403017246362,1.839417323921666,1.6126447988278938,0.20136123489249835,0.015299231829968367,0.0,0.0,0.33806065266782587,3.4436189405845874,5.272985281691135,4.920218225870624,13.502576885801373,0.3827061147400827,5.476291800990249,2.800863432161736,4.7238115975351045,365.54545454545456,0.6051796277364095,1.1394482309168035,13.79795045563669,0.9913149945663683,13.856390548474861,0.0006242424750587705,0.9959253903591272,0.4728361088218111,1.0,0.018444016773366566,0.9999999963875973,0.11013091174942075,1.0,0.9122613054333311,1.0,0.001549561377473627,0.9999999963875973,0.9973600488720518,0.4848484992980957,1.142627022483132,1.6413056127952808,5.1970016739585185,1.3716926755327168,0.98946710246982,0.98946710246982,2.406449383477483e-05,0.3010004027323289,1.9912103414535522
24,0.009966886757562557,0.008181679810425549,0.0,0.016423998315903274,0.0004728237787882487,0.0,0.0,0.0,0.0,0.0,0.7604995947895627,0.37978614460338245,0.0,0.03782758334693412,0.945689583673353,0.1,0.8994506898793306,0.8994506898793306,1.0,0.6918880102826019,0.1933620342238944,0.08035315873162746,16084,4021,12063,10704,0,0.25,23262,27652,6317.060606060606,7069.878787878788,40.05798293604995,3784.8989109848485,0.2581460447699735,10,3.75e-05,3.0,0.4128325175155293,0.05668572426745386,0.025692155754024334,0.0022643642133158264,14.447360790137088,0.0,0.7717238971681306,1.9168409723224062,1.4825685493873828,0.20566346789851334,0.015469322630176039,0.0,0.0,0.3326286700638858,2.8562676834337637,4.874703746263543,5.296766302464078,14.0700226986047,0.37978614460338245,4.651852564378218,1.512462565393159,5.501965031479344,365.54545454545456,0.626730223496755,1.151127020517985,13.801684697469076,0.9916639020948699,13.856388756723115,0.0006327903688405499,0.9957842682347153,0.47189529646526684,1.0,0.012711747817582253,0.9999999963875973,0.0734177130189809,1.0,0.9701691920107062,1.0,0.00082729535993718,0.9999999963875973,0.9969156474778147,0.4848484992980957,0.988219886115103,1.705761118368669,5.24404560435902,1.3776119622317227,0.9937369697021715,0.9937369697021715,0.0,0.28895055344610504,1.8349293073018391
25,0.012359638472623898,0.0101731534426411,0.0,0.0220554999612046,0.0007904117757623845,0.0,0.0,0.0,0.0,0.0,0.9256495490218654,0.3810027964187391,0.0,0.038099894081195886,0.9524973520298972,0.03703986981854294,0.8994304311636723,0.8994304311636723,0.0,0.6760177578466642,0.20622345005240403,0.07544936937835374,16084,4021,12063,10704,0,0.25,23262,27652,6368.484848484848,7132.727272727273,39.902855728611804,4086.493896484375,0.5240986803264329,10,3.75e-05,3.0,0.4128901651411345,0.058968512059161156,0.025551261606089996,0.0020572123484629574,14.73285469864354,0.0,0.8859211531552401,1.8198012294191304,1.6267509496573247,0.20513270885655374,0.01663001161068678,0.0,0.0,0.34131126150940405,3.441563772432732,5.399729792907361,5.176504578619856,14.3308369029652,0.3810027964187391,5.677221558310769,2.792683073968598,5.072529185901988,365.54545454545456,0.6257710086576866,1.1401909806511619,13.795998053117232,0.9913804097609087,13.856390346180309,0.0006227965367901506,0.995834206089829,0.4722281920187401,1.0,0.01646649727428501,0.9999999963875973,0.11057772306781827,1.0,0.9144699718012954,1.0,0.0012023242401703487,0.9999999963875973,0.9972663810758879,0.4848484992980957,1.1611822988047744,1.6218952374024824,5.195112474036939,1.3725257606217356,0.9900680364984454,0.9900680364984454,0.0,0.3001538442842888,2.0686106862443867
26,0.007267005861539281,0.005547101642922357,0.0,0.014859205563411568,0.0004767649101488518,0.0,0.0,0.0,0.0,0.0,0.7549583713213602,0.3786049990942984,0.0,0.037855495453270056,0.9463873863317515,0.1,0.9086890674167518,0.9086890674167518,1.0,0.6919516302464254,0.20034164197988966,0.0803469414351305,16084,4021,12063,10704,0,0.25,23262,27652,6348.0,7120.545454545455,39.834564208984375,3623.8470274029355,0.2350680907115792,10,1.875e-05,3.0,0.4133194088935852,0.056782272277456344,0.0255857069383968,0.002064274768627277,14.604331363331188,0.0,0.7991039355595907,1.9010587244322805,1.4971685409545898,0.21002867637258588,0.0170032898754333,0.0,0.0,0.3360654359514063,2.8776304721832275,5.0953283990182845,5.680671925905272,14.929421742757162,0.3786049990942984,4.870497718001857,1.5175230503082275,5.861027876536052,365.54545454545456,0.6185619496937954,1.153195316141302,13.80010815822717,0.9918363744562323,13.856388236537125,0.0006307635163521451,0.9956920616554491,0.4712805883450942,1.0,0.01116055952893062,0.9999999963875973,0.07341401967586893,1.0,0.9729341557531646,1.0,0.0005588976342330694,0.9999999963875973,0.9969473083813986,0.4848484992980957,1.0243175354870884,1.688392035888903,5.2556124889489375,1.377632650462064,0.9937518853129763,0.9937518853129763,0.0,0.2890698963945562,1.9731999563448357
27,0.014138877793977206,0.011971867128247113,0.0,0.021631489648963467,0.0006956801269993638,0.0,0.0,0.0,1.187499781901186e-06,0.0,0.925985316435496,0.38130802457982843,0.0,0.03813301749119554,0.9533254372798885,0.03704139651866875,0.899408621161875,0.899408621161875,0.0,0.6864003339745149,0.22807030933543074,0.0782111396714771,16084,4021,12063,10704,0,0.25,23262,27652,6333.666666666667,7088.818181818182,39.85546828761245,3948.681463068182,0.596558007326993,10,1.875e-05,3.0,0.4122059408462409,0.05907383425669237,0.02569820669790109,0.002069533866068179,14.522841742544463,0.0,0.9049279238238479,1.846358273968552,1.6247336611603245,0.20777924674929996,0.017621575332613604,0.0,0.0,0.3429744939009349,3.4290024150501597,5.4308301783694555,5.231029847563911,14.170441194014115,0.38130802457982843,5.6309277939073965,2.7844234307607016,5.009712435982444,365.54545454545456,0.6182364098953478,1.1418211712981716,13.795743797764633,0.9916152394179142,13.856390259482644,0.000620033948287142,0.9958409793449171,0.47227333892475476,1.0,0.016186350025236607,0.9999999963875973,0.10774994686697469,1.0,0.9177414720708673,1.0,0.0011528403111063226,0.9999999963875973,0.9971616882266421,0.4848484992980957,1.200470638997627,1.643393296183962,5.29756278702707,1.3729989564780034,0.9904093959114768,0.9904093959114768,1.187499781901186e-06,0.2988607350623969,2.2037848198052608
28,0.006451956652612848,0.0047606082499083695,0.0,0.01397604032447844,0.00042483481493863195,0.0,0.0,0.0,0.0,0.0,0.762130856513977,0.37812830191670044,0.0,0.037911121056619146,0.9477780264154786,0.1,0.8994250238784636,0.8994250238784636,1.0,0.6910365126080631,0.20596930256413878,0.07983711986578686,16084,4021,12063,10704,0,0.25,23262,27652,6298.484848484848,7046.818181818182,39.99947553692442,3679.2151618726325,0.2459058357459126,10,1.875e-05,3.0,0.4105287862546516,0.0567818194853537,0.025700975209474564,0.0022020937423362875,14.441731106151234,0.0,0.816914515061812,1.9169103954777573,1.4884827678853816,0.21589947604771817,0.01794651091437448,0.0,0.0,0.33782677578203607,2.861889615203395,5.0557201010758455,5.615355589008141,14.931258028203791,0.37812830191670044,4.869938705906724,1.516165523818045,5.854531764984131,365.54545454545456,0.6163169994498744,1.154497984683875,13.802626927693685,0.9918450731219668,13.856388063141793,0.0006333585249993837,0.9958597006219806,0.4723981519540151,1.0,0.01042755814551404,0.9999999963875973,0.07045454181956523,1.0,0.9756642670342417,1.0,0.0005150993155246287,0.9999999963875973,0.997402675224073,0.4848484992980957,1.0615620902090361,1.7004402767528186,5.322119293790875,1.377500877235875,0.9936568177107609,0.9936568177107609,0.0,0.28905800075242016,2.0821392463915274
29,0.013237421901783708,0.01107233369045637,0.0,0.021517031769635098,0.0006648699442545573,0.0,0.0,0.0,7.56264692454627e-05,0.0,0.9251403627973614,0.38108785585923627,0.0,0.03819463663528234,0.9548659158820585,0.08338186223779924,0.8994341101550092,0.8994341101550092,0.7625980319685605,0.6808338900921702,0.2294105865936106,0.07677853959588386,16084,4021,12063,10704,0,0.25,23262,27652,6343.0,7123.363636363636,39.80742679942738,3981.3310990767045,0.7128418591437917,10,1.875e-05,3.0,0.4133244183930484,0.05900833078406074,0.025574552233923565,0.001982718794324407,14.784536130500562,0.0,0.9245823097951484,1.8420232064796216,1.6325665856852676,0.20988878472284836,0.01837566943669861,0.0,0.0,0.3449093211780895,3.4333897720683706,5.494921483211886,5.350725125559834,14.510112531257398,0.38108785585923627,5.7078134507843945,2.7737138921564277,5.162657968925707,365.54545454545456,0.619447005517555,1.1424439712004228,13.797268636298902,0.9916310852224176,13.856390057188092,0.0006227070980733542,0.9956874323613716,0.4712496119918245,1.0,0.01609593957211032,0.9999999963875973,0.10739936905376839,1.0,0.9180064562595251,1.0,0.0010224722399002392,0.9999999963875973,0.9974386114062685,0.4848484992980957,1.233354622667486,1.638687834595189,5.294608954227332,1.3725953716220278,0.9901182597333734,0.9901182597333734,7.56264692454627e-05,0.29931662570346484,2.280650131630175
30,0.008143807288654374,0.0064048929753797975,0.0,0.015022078782997349,0.0005113934025619969,0.0,0.0,0.0,0.0,0.0,0.764796150453163,0.3783281589999343,0.0,0.0379588112932091,0.9489702823302275,0.1,0.8994668636900006,0.8994668636900006,1.0,0.6895936522221746,0.203222899060683,0.0796662044172175,16084,4021,12063,10704,0,0.25,23262,27652,6318.727272727273,7072.69696969697,40.05747118863192,3641.8028749408145,0.26346974898919917,10,1e-05,3.0,0.41326546849626483,0.05682736612630613,0.02584005542325251,0.002190140344089631,14.555277795502633,0.0,0.835201924497431,1.9237609054103042,1.4983904795213179,0.21712389543200983,0.018587151965634388,0.0,0.0,0.33894366387164954,2.8761112039739434,5.199836977395565,5.861795073451942,15.44987744996042,0.3783281589999343,5.001183163036,1.5182851191722986,6.082601590590044,365.54545454545456,0.6007968178301146,1.1527538841420955,13.792874625234893,0.9921151255116318,13.856388120940238,0.0006367426478501523,0.9956705389600812,0.47113708384109265,1.0,0.011400783900171518,0.9999999963875973,0.07174463412075331,1.0,0.9732250318382726,1.0,0.0006812568926968445,0.9999999963875973,0.9974384470419451,0.4848484992980957,1.0903180584763035,1.7072081168492634,5.34183795524366,1.3763693968454997,0.992840618798227,0.992840618798227,0.0,0.2907146152221795,2.1384082888111924
