suite,dataset,dataset_key,run_name,source_epoch_metrics_path,epoch,train_loss,train_base_loss,train_ranking_loss,train_prototype_loss,train_normal_align_loss,train_normal_bucket_adv_loss,train_aux_loss,train_teacher_distill_loss,train_context_regularization_loss,train_adapter_regularization_loss,train_pseudo_contrastive_loss,prototype_loss_weight_effective,prototype_trust_score,teacher_distill_weight_effective,teacher_distill_schedule_progress,context_residual_budget_weight_effective,context_residual_budget_release_progress,context_residual_budget_prototype_readiness,context_residual_budget_guard_strength,val_auc,val_pr_auc,val_ap,train_targets,train_pos,train_neg,train_hard_neg,train_bg_neg,train_pos_rate,hard_negative_pool_size,hard_negative_candidate_count,hard_negative_teacher_coverage,avg_subgraph_nodes,avg_subgraph_edges,emb_norm,dirichlet,grad_norm,best_epoch,lr,loss_pos_weight,context_delta_norm,context_drift_abs_mean,context_emb_norm,context_gate_mean,context_logit_abs_mean,context_residual_clip_fraction,context_residual_penalty,context_stability_gate_mean,internal_risk_delta_norm,internal_risk_direction_gap_norm,internal_risk_gate_mean,internal_risk_hop_gap_norm,internal_risk_short_long_gap_norm,message_risk_scale_mean,message_risk_score_mean,prototype_active_epoch,prototype_classification_loss,prototype_classification_ratio,prototype_consistency_loss,prototype_loss_ramp,prototype_margin,prototype_memory_initialized_ratio,prototype_separation_loss,prototype_target_available_ratio,prototype_temporal_stability,target_time_position_mean,time_emb_norm,time_expert_context_drift,time_expert_delta_norm,time_expert_entropy,time_expert_entropy_gate,time_expert_entropy_norm,time_expert_entropy_penalty,time_expert_max_weight,time_expert_time_emb_norm,pseudo_contrastive_anomaly_count,pseudo_contrastive_bucket_count,pseudo_contrastive_normal_count,pseudo_contrastive_selected_ratio,cold_start_context_signal_mean,cold_start_gate_max,cold_start_gate_mean,cold_start_gate_min,cold_start_support_count_mean,cold_start_zero_support_ratio
thesis_m8_utgt_deploy_pure_eppcold_v1,XinYe DGraph,xinye_dgraph,probe_xy_m8_pure_enhbase_smallctx_v1,experiment/outputs/training/models/m8_utgt/probe_xy_m8_pure_enhbase_smallctx_v1/seed_42/epoch_metrics.csv,1,0.8031250733440205,0.8031233498605631,0.0,0.0,0.0,0.0,0.0,0.0,0.0,3.4480328102259685e-05,0.0,0.04,1.0,0.0,0.0,0.1,0.0,0.0,1.0,0.7811988682109829,0.04559696815131545,0.045776312490235754,29652,7413,22239,0,0,0.25,0,0,0.0,2497.084745762712,3169.0677966101694,18.996159828315346,756.2554973020392,0.8357409915681613,1,0.0003,3.0,0.7807581990452136,0.3613305647494429,0.8875978306188421,0.6030285873655545,0.007247956203280995,0.0,0.0,0.5044381017402068,0.21770694144701552,11.263375945010427,0.5200068672834817,11.313685514159122,2.6517221846822965,0.9982197315005933,0.4881316938642728,0.0,0.0,0.0,0.0,0.0,0.0,0.0,0.0,0.0,0.0,0.1581920951099719,1.2358146744259333,0.3622551277532416,0.020525755810598702,1.3607311955953048,0.9815600676051641,0.9815600676051641,3.4480328102259685e-05,0.3167333092729924,1.2352921578843714,,,,,,,,,,
thesis_m8_utgt_deploy_pure_eppcold_v1,XinYe DGraph,xinye_dgraph,probe_xy_m8_pure_enhbase_smallctx_v1,experiment/outputs/training/models/m8_utgt/probe_xy_m8_pure_enhbase_smallctx_v1/seed_42/epoch_metrics.csv,2,0.8639109084161661,0.8596137479200201,0.0,0.08590472893694699,0.017087998026508396,0.0,0.0,0.0,1.3616352049920953e-05,0.00010421725139968981,0.0,0.04,1.0,0.0,0.0,0.1,0.0,0.0,1.0,0.7863245420989382,0.046941509203173394,0.047210450592232535,29652,7413,22239,11118,0,0.25,44478,88956,0.0,2535.915254237288,3156.0,17.804624072575972,674.4194315247616,0.6780168111041441,2,0.0003,3.0,0.7043953447018639,0.3058874576778735,0.8758364491543528,0.7227367506188861,0.021016894871274294,3.3103813559322034e-05,1.3616352049920953e-05,0.5116343922534231,0.341514737929328,11.274824158620026,0.5575235021316399,11.313682103561142,2.545405480821254,0.9981508729821544,0.4876725986852484,1.0,0.32998229537980034,0.983050846447379,0.2092171950360476,0.25,0.13960893553192333,1.0,0.06351519622287508,0.983050846447379,0.946877131017588,0.1581920951099719,1.1187004214626248,0.3049848059476432,0.028150270645648748,1.3565210508087935,0.9785230765908451,0.9785230765908451,0.00010421725139968981,0.32233509118274106,0.9914772126634243,,,,,,,,,,
thesis_m8_utgt_deploy_pure_eppcold_v1,XinYe DGraph,xinye_dgraph,probe_xy_m8_pure_enhbase_smallctx_v1,experiment/outputs/training/models/m8_utgt/probe_xy_m8_pure_enhbase_smallctx_v1/seed_42/epoch_metrics.csv,3,0.8596475669893168,0.8529909495579995,0.0,0.17076765910043554,0.014951487719002416,0.0,0.0,0.0,0.0008745858262261471,0.0001799418606748015,0.1336976441286378,0.018379595892340193,0.4594898973085048,0.0,0.0,0.1,0.0,0.0,1.0,0.7895778789796204,0.047577344972305945,0.04780974499026925,29652,7413,22239,11118,0,0.25,44478,88956,0.0,2530.186440677966,3135.0,18.82392779851364,768.5826798778469,0.7085470021781275,3,0.0003,3.0,0.9507690405441542,0.3350720350014961,1.1791213387149875,0.8789564371109009,0.04560394585132599,0.0021827662347863284,0.0008745858262261471,0.5297610345533339,0.39697910415924204,11.277396444546975,0.6342923631102352,11.31368616071798,2.498043314885285,0.9981651983018649,0.48776814341545105,1.0,0.3272303903506974,0.9999999989897518,0.22755805466134668,0.5,0.12442343492629164,1.0,0.05854051598047806,0.9999999989897518,0.9960776668483928,0.1581920951099719,1.3615522283618733,0.3364143593836639,0.05618130497760692,1.3550254530825858,0.9774442406023963,0.9774442406023963,0.0001799418606748015,0.33005647841146435,1.0611695273447845,23.0,1.3333333333333333,23.0,0.2395833432674408,,,,,,
thesis_m8_utgt_deploy_pure_eppcold_v1,XinYe DGraph,xinye_dgraph,probe_xy_m8_pure_enhbase_smallctx_v1,experiment/outputs/training/models/m8_utgt/probe_xy_m8_pure_enhbase_smallctx_v1/seed_42/epoch_metrics.csv,4,0.838618814945221,0.8319622732825198,0.0,0.24557158376200725,0.010698865025730456,0.0,0.0,0.0,0.000389042097194144,5.3368907390257057e-05,0.06742063972909572,0.019267795208629156,0.48169488021572887,0.0,0.0,0.1,0.0,0.0,1.0,0.7879739438509579,0.04469609129147289,0.04480454163518249,29652,7413,22239,11118,0,0.25,44478,88956,0.0,2537.0677966101694,3171.898305084746,18.16582679748535,675.2013415320445,0.6178784223936372,3,0.0003,3.0,0.8010274353673903,0.34813909762996736,1.0071700528516607,0.8478953818143424,0.04724625883213544,0.0007347809071889368,0.000389042097194144,0.5157467823917583,0.4795343779911429,11.274196818723517,0.7207977610119318,11.313682685464116,2.530095142833257,0.9980889518382186,0.48725981176909755,1.0,0.3162449956950495,0.9999999989897518,0.1655603336580729,0.75,0.14602690802539808,1.0,0.05811533401325598,0.9999999989897518,0.9958999955047996,0.1581920951099719,1.2697278119749942,0.356265188273737,0.13201272778086742,1.349079342211707,0.9731550257084733,0.9731550257084733,5.3368907390257057e-05,0.3351764668852596,0.9340013780836331,23.0,1.3333333333333333,23.0,0.2395833432674408,,,,,,
thesis_m8_utgt_deploy_pure_eppcold_v1,XinYe DGraph,xinye_dgraph,probe_xy_m8_pure_enhbase_smallctx_v1,experiment/outputs/training/models/m8_utgt/probe_xy_m8_pure_enhbase_smallctx_v1/seed_42/epoch_metrics.csv,5,0.8431838427559805,0.8335393818758302,0.0,0.32770731388512303,0.010687765428575418,0.0,0.0,0.0,0.00021229954956837347,0.0004718695608432226,0.10106980194479732,0.021494346135788978,0.5373586533947244,0.0,0.0,0.1,0.0,0.0,1.0,0.7891341451292749,0.045803905858004805,0.04598372741572525,29652,7413,22239,11118,0,0.25,44478,88956,0.0,2542.1186440677966,3167.915254237288,19.28070883023537,808.137385998742,0.6836823184611434,3,0.0003,3.0,0.8979854108923573,0.3756887175269046,1.0836725527957334,0.842185877137265,0.04767085529737553,0.0005296610169491525,0.00021229954956837347,0.5049155485832085,0.4890964202961679,11.276327294818426,0.7735291941691254,11.313686774948897,2.5978255433551336,0.9980890306375795,0.48726034871602464,1.0,0.31591260130122556,0.9999999989897518,0.18164055605055923,1.0,0.12371274860481084,1.0,0.054253715958635686,0.9999999989897518,0.9968854067689281,0.1581920951099719,1.4735749374001712,0.38611364415136434,0.15668777288016628,1.3585481764906544,0.9799853391566519,0.9799853391566519,0.0004718695608432226,0.3246272539688369,0.991772244542332,23.0,1.3333333333333333,23.0,0.2395833432674408,,,,,,
thesis_m8_utgt_deploy_pure_eppcold_v1,XinYe DGraph,xinye_dgraph,probe_xy_m8_pure_enhbase_smallctx_v1,experiment/outputs/training/models/m8_utgt/probe_xy_m8_pure_enhbase_smallctx_v1/seed_42/epoch_metrics.csv,6,0.8271700426683588,0.8188504334223472,0.0,0.3151346692594431,0.00838067875070087,0.0,0.0,0.0,0.00015723316397979635,0.00014852882649994188,0.047795559390116545,0.021963653838009103,0.5490913459502276,0.0,0.0,0.1,0.0,0.0,1.0,0.7901641671115772,0.046320117137987116,0.04654337067813022,29652,7413,22239,11118,0,0.25,44478,88956,0.0,2550.7118644067796,3183.169491525424,18.703125905182404,753.3345895540916,0.6785701285984557,6,0.0003,3.0,0.7591262702214516,0.3822132636935024,0.9441157811779087,0.799088025497178,0.04869431118338795,0.0004965572033898305,0.00015723316397979635,0.4940174388683448,0.5331621720629224,11.276014376494844,0.8203658481775704,11.313684221041404,2.5456557597144176,0.9980616640236418,0.48707791203159395,1.0,0.3056057090476408,0.9999999989897518,0.13829848814313694,1.0,0.1330755740656691,1.0,0.05228071116794974,0.9999999989897518,0.9969256166684426,0.1581920951099719,1.3343073250883717,0.3914693482851578,0.2189625052072234,1.349263520564063,0.9732878713284508,0.9732878713284508,0.00014852882649994188,0.3296847828363968,0.8563179434356043,23.0,1.3333333333333333,23.0,0.2395833432674408,,,,,,
thesis_m8_utgt_deploy_pure_eppcold_v1,XinYe DGraph,xinye_dgraph,probe_xy_m8_pure_enhbase_smallctx_v1,experiment/outputs/training/models/m8_utgt/probe_xy_m8_pure_enhbase_smallctx_v1/seed_42/epoch_metrics.csv,7,0.8323954010413865,0.8227041515253358,0.0,0.320667172892619,0.008007305153345658,0.0,0.0,0.0,0.0002757392117134367,0.00028850267625461193,0.0980718671265295,0.02272590010860834,0.5681475027152085,0.0,0.0,0.1,0.0,0.0,1.0,0.790454509000295,0.04584277679166969,0.04599849894790585,29652,7413,22239,11118,0,0.25,44478,88956,0.0,2557.1525423728813,3190.7796610169494,19.612699411683163,841.9056075791182,0.7141210972252539,7,0.0003,3.0,0.8845753093897286,0.40047233640137364,1.0973864147218608,0.7895295044123116,0.051177828178062275,0.0007282838983050848,0.0002757392117134367,0.48874045529608,0.5486590215715311,11.279057017827439,0.8518940978131052,11.313687841771012,2.563541699264009,0.9981557252043385,0.4877050220966339,1.0,0.31011229955543906,0.9999999989897518,0.1627388338921434,1.0,0.1089762583122415,1.0,0.04835865697113134,0.9999999989897518,0.9972379995604693,0.1581920951099719,1.5133458315315893,0.4125144345275426,0.2722197887250933,1.3536894563901223,0.9764805163367319,0.9764805163367319,0.00028850267625461193,0.3323428731853679,1.0473596766843634,22.77777777777778,1.3333333333333333,23.0,0.23842593530813852,,,,,,
thesis_m8_utgt_deploy_pure_eppcold_v1,XinYe DGraph,xinye_dgraph,probe_xy_m8_pure_enhbase_smallctx_v1,experiment/outputs/training/models/m8_utgt/probe_xy_m8_pure_enhbase_smallctx_v1/seed_42/epoch_metrics.csv,8,0.8235612178252916,0.8149963051585828,0.0,0.314737879623801,0.008949473752813825,0.0,0.0,0.0,0.00015249067556874637,0.00013374388800002635,0.04814012146602243,0.022662339694387076,0.5665584923596769,0.0,0.0,0.1,0.0,0.0,1.0,0.7871362978241171,0.04520476735479649,0.045340956624114206,29652,7413,22239,11118,0,0.25,44478,88956,0.0,2556.2033898305085,3191.728813559322,18.967490632655256,724.0957558842028,0.7371954690601866,7,0.0003,3.0,0.734047145156537,0.39477833448830296,1.003872350110846,0.7525546237573786,0.04924602503493681,0.00019862288135593222,0.00015249067556874637,0.4758107525817418,0.5818347284349344,11.279007281287242,0.8629027049420244,11.313685433339264,2.619456125518023,0.9981542411497084,0.48769500902143575,1.0,0.3056851782030978,0.9999999989897518,0.1318562547281637,1.0,0.11975297969529185,1.0,0.0491977310660532,0.9999999989897518,0.9971215714842586,0.1581920951099719,1.3525849924249165,0.4010685121608993,0.30036854617676495,1.3636980117377588,0.983700165304087,0.983700165304087,0.00013374388800002635,0.3092065564656662,0.8323391443592006,23.0,1.3333333333333333,23.0,0.2395833432674408,,,,,,
thesis_m8_utgt_deploy_pure_eppcold_v1,Elliptic Transactions,elliptic_transactions,probe_et_m8_pure_compact_ctx3_h4_delaypc_timew_hl20_f035_v1,experiment/outputs/elliptic_transactions/training/models/m8_utgt/probe_et_m8_pure_compact_ctx3_h4_delaypc_timew_hl20_f035_v1/seed_42/epoch_metrics.csv,1,1.233803703026338,1.2324928424575112,0.0,0.0,0.0,0.0,0.0,0.0,2.2223195463249628e-05,0.02617266113763132,0.0,0.03,1.0,0.0,0.0,0.1,0.0,0.0,1.0,0.8091945389430928,0.2911876711439692,0.24014093560708402,16084,4021,12063,0,0,0.25,0,0,0.0,6325.242424242424,7094.666666666667,34.13905785300515,355482.378573331,23.513803655450996,1,0.0003,3.0,1.0256374984076528,1.4563133924296408,1.301456043214509,0.646763439431335,0.0067179809098668174,0.0,2.2223195463249628e-05,0.5058774189515547,,,,,,,,0.0,0.0,0.0,0.0,0.0,0.0,0.0,0.0,0.0,0.0,0.4848484992980957,1.3988661440936,1.4489463928974036,0.3080801957597335,1.3114056009234805,0.9459791653084032,0.9459791653084032,0.02617266113763132,0.36023171923377295,1.8031608697139856,,,,,,,,,,
thesis_m8_utgt_deploy_pure_eppcold_v1,Elliptic Transactions,elliptic_transactions,probe_et_m8_pure_compact_ctx3_h4_delaypc_timew_hl20_f035_v1,experiment/outputs/elliptic_transactions/training/models/m8_utgt/probe_et_m8_pure_compact_ctx3_h4_delaypc_timew_hl20_f035_v1/seed_42/epoch_metrics.csv,2,0.9734680891940088,0.9714465127749876,0.0,0.0,0.0,0.0,0.0,0.0,1.1489635984286327e-05,0.04040882830458665,0.0,0.03,1.0,0.0,0.0,0.1,0.0,0.0,1.0,0.7650360230372939,0.19114885878993934,0.12963413633003137,16084,4021,12063,10704,0,0.25,23262,27652,0.0,6387.363636363636,7164.848484848485,36.76300701950536,310658.97316672583,25.224341807943404,1,0.0003,3.0,0.8305972724249868,1.4525604663473186,1.2088331218921777,0.5081405612555417,0.013009083739510088,5.918560606060606e-05,1.1489635984286327e-05,0.5065302523699674,,,,,,,,0.0,0.0,0.0,0.0,0.0,0.0,0.0,0.0,0.0,0.0,0.4848484992980957,0.9861676422032443,1.4506929444544243,0.09589426095287006,1.291494405630863,0.9316162665685018,0.9316162665685018,0.04040882830458665,0.3672927202600421,1.3377875956622036,,,,,,,,,,
thesis_m8_utgt_deploy_pure_eppcold_v1,Elliptic Transactions,elliptic_transactions,probe_et_m8_pure_compact_ctx3_h4_delaypc_timew_hl20_f035_v1,experiment/outputs/elliptic_transactions/training/models/m8_utgt/probe_et_m8_pure_compact_ctx3_h4_delaypc_timew_hl20_f035_v1/seed_42/epoch_metrics.csv,3,0.5144837918606672,0.5103900387431636,0.0,0.06246789928638574,0.035337849096818405,0.0,0.0,0.0,5.878138943609718e-05,0.03142725571259772,0.0,0.012,0.4,0.0,0.0,0.1,0.0,0.0,1.0,0.7729572134536634,0.5557858243446688,0.5469250392395301,16084,4021,12063,10704,0,0.25,23262,27652,0.0,6334.060606060606,7085.515151515152,38.95625975637725,323333.7870538885,6.123654278841886,1,0.0003,3.0,1.052923442739429,1.4706885399240437,1.4993605071848088,0.4883681869868076,0.021407949004435177,0.0003618041801294594,5.878138943609718e-05,0.5172936446738966,,,,,,,,1.0,0.23724926782376837,0.969696966084567,0.20844517873995233,0.25,0.4076268555540027,1.0,0.04400138621867606,0.969696966084567,0.8554540204279351,0.4848484992980957,1.1319432999148513,1.464476188023885,0.1308153188138297,1.313960075378418,0.9478218320644263,0.9478218320644263,0.03142725571259772,0.3385023772716522,1.570537527402242,,,,,,,,,,
thesis_m8_utgt_deploy_pure_eppcold_v1,Elliptic Transactions,elliptic_transactions,probe_et_m8_pure_compact_ctx3_h4_delaypc_timew_hl20_f035_v1,experiment/outputs/elliptic_transactions/training/models/m8_utgt/probe_et_m8_pure_compact_ctx3_h4_delaypc_timew_hl20_f035_v1/seed_42/epoch_metrics.csv,4,0.42411199844244757,0.42004505928718683,0.0,0.12390552833676338,0.021985628388144753,0.0,0.0,0.0,0.00012195592981615019,0.023073831393214114,0.0,0.014541552367916813,0.4847184122638938,0.0,0.0,0.1,0.0,0.0,1.0,0.821329087693758,0.43222118101502494,0.3963400727759581,16084,4021,12063,10704,0,0.25,23262,27652,0.0,6319.727272727273,7072.69696969697,34.67366282145182,180985.6619466146,6.576268804795815,4,0.0003,3.0,0.8606581019632744,1.24984210729599,1.3700742504813455,0.336009372364391,0.022308185922377037,0.0011245265151515152,0.00012195592981615019,0.503672311703364,,,,,,,,1.0,0.23686767437241293,0.9999999963875973,0.1710393729083466,0.5,0.5588418064695416,1.0,0.04782819067777106,0.9999999963875973,0.9865663159977306,0.4848484992980957,0.8380627740513195,1.2454481865420486,0.17458282004703174,1.3434669863093982,0.9691065694346572,0.9691065694346572,0.023073831393214114,0.30305900356986304,1.1552050619414358,,,,,,,,,,
thesis_m8_utgt_deploy_pure_eppcold_v1,Elliptic Transactions,elliptic_transactions,probe_et_m8_pure_compact_ctx3_h4_delaypc_timew_hl20_f035_v1,experiment/outputs/elliptic_transactions/training/models/m8_utgt/probe_et_m8_pure_compact_ctx3_h4_delaypc_timew_hl20_f035_v1/seed_42/epoch_metrics.csv,5,0.3541082062504508,0.3483201080199444,0.0,0.1474539109251716,0.00977380709214644,0.0,0.0,0.0,0.0001643259502915581,0.025286139417210397,0.13456135085134796,0.018128105156272004,0.6042701718757335,0.0,0.0,0.1,0.0,0.0,1.0,0.7772106624635752,0.5667602639536905,0.557908503051136,16084,4021,12063,10704,0,0.25,23262,27652,0.0,6329.636363636364,7076.545454545455,37.36175213438092,217865.12279163708,10.074621796607971,4,0.0003,3.0,1.1086973186695215,1.289573528549888,1.6283576813611118,0.35112446998104907,0.032334479983105804,0.0012410766318101776,0.0001643259502915581,0.5124153350338791,,,,,,,,1.0,0.1848209680932941,0.9999999963875973,0.20135584112369653,0.75,0.5246234418767871,1.0,0.034329049486779804,0.9999999963875973,0.9883183981433059,0.4848484992980957,1.0362883228244204,1.2817698572621201,0.20132250587145487,1.327983061472575,0.9579372785308145,0.9579372785308145,0.025286139417210397,0.32495057673165295,1.2655414848616628,22.4,2.6,23.0,0.2364583432674408,,,,,,
thesis_m8_utgt_deploy_pure_eppcold_v1,Elliptic Transactions,elliptic_transactions,probe_et_m8_pure_compact_ctx3_h4_delaypc_timew_hl20_f035_v1,experiment/outputs/elliptic_transactions/training/models/m8_utgt/probe_et_m8_pure_compact_ctx3_h4_delaypc_timew_hl20_f035_v1/seed_42/epoch_metrics.csv,6,0.3912743926048279,0.3846648186445236,0.0,0.1904423302321723,0.011349289706259064,0.0,0.0,0.0,0.00026413416675164956,0.025430528235367754,0.06498478036938292,0.021499002180600062,0.7166334060200021,0.0,0.0,0.1,0.0,0.0,1.0,0.7812786037377032,0.5849903209054959,0.5754962757372569,16084,4021,12063,10704,0,0.25,23262,27652,0.0,6318.757575757576,7059.69696969697,36.177855115948304,196436.06793767755,15.297446008884545,4,0.0003,3.0,0.9178111029393745,1.23947192141504,1.5045211640271274,0.26439068805087695,0.030477231537753887,0.0025618912821466274,0.00026413416675164956,0.5003758307659265,,,,,,,,1.0,0.18074083870107477,0.9999999963875973,0.15835953413537054,1.0,0.6222332047693657,1.0,0.0356702720464179,0.9999999963875973,0.9902221434044115,0.4848484992980957,0.7721235517299536,1.2310429377989336,0.17014385443745236,1.3260827967614839,0.9565665216156931,0.9565665216156931,0.025430528235367754,0.3248661079189994,0.9508062601089478,23.0,2.6,23.0,0.2395833432674408,,,,,,
thesis_m8_utgt_deploy_pure_eppcold_v1,Elliptic++ Transactions,ellipticpp_transactions,probe_epp_m8_pure_ap96_hybrid120_timew_hl20_f035_coldctx_v1,experiment/outputs/ellipticpp_transactions/training/models/m8_utgt/probe_epp_m8_pure_ap96_hybrid120_timew_hl20_f035_coldctx_v1/seed_42/epoch_metrics.csv,1,0.6499280581871668,0.6491050720214844,0.0,0.0,0.0,0.0,0.0,0.0,3.209543964740905e-06,0.016453168373449113,0.0,0.04,1.0,0.0,0.0,0.1,0.0,0.0,1.0,0.7708564418545845,0.5691011786012201,0.5602475140277445,16084,4021,12063,0,0,0.25,0,0,0.0,6346.666666666667,7113.878787878788,31.10085845716072,101893.09343927557,8.12484534220262,1,0.0003,3.0,1.1822376756957083,1.270597525618293,1.4331319693363074,0.666387019735394,0.013607420746914366,0.0,3.209543964740905e-06,0.5030944600249782,0.20703650333664633,13.674016143336441,0.5193217812162457,13.856368007081928,0.0006551208754182991,0.9956786867344019,0.47119142882751697,0.0,0.0,0.0,0.0,0.0,0.0,0.0,0.0,0.0,0.0,0.4848484992980957,1.7361522371118718,1.2646651647307656,0.265643988143314,1.33872389793396,0.9656851490338644,0.9656851490338644,0.016453168373449113,0.3252296474846927,1.68217113162532,,,,,0.41280891407619824,0.046770960769870064,0.019529070140737476,0.0016538887143586621,14.599276253671357,0.0
thesis_m8_utgt_deploy_pure_eppcold_v1,Elliptic++ Transactions,ellipticpp_transactions,probe_epp_m8_pure_ap96_hybrid120_timew_hl20_f035_coldctx_v1,experiment/outputs/ellipticpp_transactions/training/models/m8_utgt/probe_epp_m8_pure_ap96_hybrid120_timew_hl20_f035_coldctx_v1/seed_42/epoch_metrics.csv,2,0.38624608065142774,0.38137386242548627,0.0,0.04867859969310688,0.039485394954681396,0.0,0.0,0.0,3.4494565404725797e-07,0.019015331708611815,0.0,0.04,1.0,0.0,0.0,0.1,0.0,0.0,1.0,0.7754031486025016,0.5985100924778471,0.589632550433167,16084,4021,12063,10704,0,0.25,23262,27652,0.0,6366.090909090909,7138.121212121212,31.222585793697473,61869.35865367542,8.006153751503337,2,0.0003,3.0,0.9135126489581484,1.1396204395727678,1.3640953916491885,0.5196982224782308,0.015197930010882292,0.0,3.4494565404725797e-07,0.4874977541692329,0.3091221000208999,13.661760387998639,0.530745388883533,13.856357169873787,0.0006094072631447378,0.9956714149677393,0.4711427995652864,1.0,0.18579224632544952,0.969696966084567,0.14355221368146664,0.25,0.5022210307193525,1.0,0.034890844260878635,0.969696966084567,0.8704601219206145,0.4848484992980957,1.2551101879640059,1.1423840089277788,0.1454258897539341,1.330259225585244,0.9595791679440122,0.9595791679440122,0.019015331708611815,0.3450117463415319,1.1757416074926204,,,,,0.4133912243626334,0.044848165954604294,0.020174526637702278,0.001608124874165338,14.618876948501125,0.0
thesis_m8_utgt_deploy_pure_eppcold_v1,Elliptic++ Transactions,ellipticpp_transactions,probe_epp_m8_pure_ap96_hybrid120_timew_hl20_f035_coldctx_v1,experiment/outputs/ellipticpp_transactions/training/models/m8_utgt/probe_epp_m8_pure_ap96_hybrid120_timew_hl20_f035_coldctx_v1/seed_42/epoch_metrics.csv,3,0.4092910316857425,0.4032148127302979,0.0,0.09086587370345087,0.017395052042874424,0.0,0.0,0.0,1.2932891188415163e-06,0.01803627358987631,0.11001710638855443,0.023156988972009747,0.5789247243002437,0.0,0.0,0.1,0.0,0.0,1.0,0.7784538773439412,0.6110825392748024,0.6021960247138313,16084,4021,12063,10704,0,0.25,23262,27652,0.0,6335.848484848485,7085.969696969697,33.507125449903086,62964.28769013376,12.111684047814572,3,0.0003,3.0,1.050048053264618,1.1859393589424365,1.629887176282478,0.4377936531196941,0.023889501042889828,0.0,1.2932891188415163e-06,0.4758877528436256,0.432544368686098,13.682306491967404,0.5764044378743027,13.856373497934053,0.0006421634814504421,0.9956928509654421,0.4712857540809747,1.0,0.1716797293135614,0.9999999963875973,0.16843713639360486,0.5,0.560137233950875,1.0,0.03260324110813213,0.9999999963875973,0.9925903081893921,0.4848484992980957,1.3350609143575032,1.1855516975576228,0.2045511957822424,1.3240116509524258,0.9550725022951762,0.9550725022951762,0.01803627358987631,0.34167431249763025,1.1642604235446814,23.0,2.6,23.0,0.2395833432674408,0.4126058040243207,0.048148267874211975,0.020325055289449112,0.0017977379206003566,14.474935705011541,0.0
thesis_m8_utgt_deploy_pure_eppcold_v1,Elliptic++ Transactions,ellipticpp_transactions,probe_epp_m8_pure_ap96_hybrid120_timew_hl20_f035_coldctx_v1,experiment/outputs/ellipticpp_transactions/training/models/m8_utgt/probe_epp_m8_pure_ap96_hybrid120_timew_hl20_f035_coldctx_v1/seed_42/epoch_metrics.csv,4,0.3333590096144965,0.3274317620830102,0.0,0.1076235282375957,0.010460329778266676,0.0,0.0,0.0,0.0,0.021566311819090817,0.07455477479732397,0.02634014324290221,0.6585035810725552,0.0,0.0,0.1,0.0,0.0,1.0,0.7786013140855004,0.6171395671075686,0.6082464962573434,16084,4021,12063,10704,0,0.25,23262,27652,0.0,6372.363636363636,7154.090909090909,32.88957780780214,40101.064009232956,7.46607831030181,4,0.0003,3.0,0.9531779000253389,1.0560052105874727,1.5507882869604863,0.3549306365576657,0.027251389554955742,0.0,0.0,0.4613047621466897,0.5668370109615903,13.695075699777314,0.6644004366614602,13.856365059361313,0.0005886688436889513,0.9957899397069757,0.4719331246433836,1.0,0.13521374547571846,0.9999999963875973,0.14002572925704898,0.75,0.6544485218597181,1.0,0.025660108803122333,0.9999999963875973,0.9926737023122383,0.4848484992980957,1.1262256141864893,1.053053982330091,0.1502841002110279,1.3063340584437053,0.9423208128322255,0.9423208128322255,0.021566311819090817,0.36324754537958087,0.8950698375701904,23.0,2.6,23.0,0.2395833432674408,0.41276568625912524,0.04585863074118441,0.02066271108659831,0.0017086255653394442,14.6779616095803,0.0
thesis_m8_utgt_deploy_pure_eppcold_v1,Elliptic++ Transactions,ellipticpp_transactions,probe_epp_m8_pure_ap96_hybrid120_timew_hl20_f035_coldctx_v1,experiment/outputs/ellipticpp_transactions/training/models/m8_utgt/probe_epp_m8_pure_ap96_hybrid120_timew_hl20_f035_coldctx_v1/seed_42/epoch_metrics.csv,5,0.1740169111977924,0.16730774024670775,0.0,0.10954081538048657,0.006695023088744192,0.0,0.0,0.0,0.00014501848812814745,0.01643715556736314,0.10521306413592714,0.0313472017502716,0.7836800437567899,0.0,0.0,0.1,0.0,0.0,1.0,0.7790121172804747,0.6157698542299193,0.6068829945162435,16084,4021,12063,10704,0,0.25,23262,27652,0.0,6346.939393939394,7112.666666666667,33.95988129124497,29565.680582682293,2.6651893691583113,5,0.0003,3.0,1.143112939415556,1.1086280382040776,1.768920620282491,0.3105793468879931,0.03731193094316757,0.0,0.00014501848812814745,0.4585447374618415,0.761640803380446,13.723168286410244,0.8272861368728407,13.856377428228205,0.0005726550016058327,0.9957997058377122,0.47199812260541046,1.0,0.10096180630904256,0.9999999963875973,0.1542113247242841,1.0,0.6751712091041334,1.0,0.017368821060341415,0.9999999963875973,0.9925673278895292,0.4848484992980957,1.2726111195304177,1.10091866868915,0.19253974295023715,1.3303045359524814,0.9596118475451614,0.9596118475451614,0.01643715556736314,0.3423908903743281,1.069529444882364,20.6,2.6,23.0,0.22708334326744078,0.4136395075104453,0.04922980589397026,0.02100994996726513,0.0017138941171155734,14.621481346361564,0.0
thesis_m8_utgt_deploy_pure_eppcold_v1,Elliptic++ Transactions,ellipticpp_transactions,probe_epp_m8_pure_ap96_hybrid120_timew_hl20_f035_coldctx_v1,experiment/outputs/ellipticpp_transactions/training/models/m8_utgt/probe_epp_m8_pure_ap96_hybrid120_timew_hl20_f035_coldctx_v1/seed_42/epoch_metrics.csv,6,0.1404025269615831,0.134633365397652,0.0,0.08170351905353142,0.005265571854331277,0.0,0.0,0.0,4.959848548892434e-05,0.022860605417835442,0.08394814350388267,0.03278843807609911,0.8197109519024777,0.0,0.0,0.1,0.0,0.0,1.0,0.7819895315874129,0.6316812159292184,0.6227911137206809,16084,4021,12063,10704,0,0.25,23262,27652,0.0,6398.030303030303,7157.69696969697,35.415766282515094,35726.37375710227,2.1409792882023435,6,0.0003,3.0,1.0531578027840816,1.2718592629288181,1.643647753831112,0.31722439644914685,0.040168544446880165,0.0,4.959848548892434e-05,0.4540605906284217,0.9640430230082888,13.73125004045891,0.9383907715479533,13.856371503887754,0.0006661585092925551,0.9958881338437399,0.4725876676313805,1.0,0.07559171759269455,0.9999999963875973,0.10983310030265288,1.0,0.7592724074016918,1.0,0.012402921237728813,0.9999999963875973,0.9931520169431513,0.4848484992980957,1.0962380188884158,1.2643999096119043,0.3066926169576067,1.3261059811621,0.9565832687146736,0.9565832687146736,0.022860605417835442,0.33535461263223126,0.8575247797099027,22.0,2.6,23.0,0.2343750089406967,0.41364269545584015,0.04691211608323184,0.021017926999113777,0.0018830520495998137,14.743613560994467,0.0
thesis_m8_utgt_deploy_pure_eppcold_v1,Elliptic++ Transactions,ellipticpp_transactions,probe_epp_m8_pure_ap96_hybrid120_timew_hl20_f035_coldctx_v1,experiment/outputs/ellipticpp_transactions/training/models/m8_utgt/probe_epp_m8_pure_ap96_hybrid120_timew_hl20_f035_coldctx_v1/seed_42/epoch_metrics.csv,7,0.13310983596426068,0.12658191901264768,0.0,0.08984671973369339,0.004399458567301433,0.0,0.0,0.0,4.57726188566691e-06,0.027585552209833015,0.09276700019836426,0.03420123868664622,0.8550309671661555,0.0,0.0,0.1,0.0,0.0,1.0,0.821953270227715,0.4714522922359692,0.43859615367467997,16084,4021,12063,10704,0,0.25,23262,27652,0.0,6352.181818181818,7115.151515151515,36.90375969626687,28975.45009913589,2.601267998868769,7,0.0003,3.0,1.094704149347363,1.3147726781440503,1.7479301943923489,0.30661132751089154,0.032407947505513825,0.0,4.57726188566691e-06,0.433414666038571,1.0192968863429446,13.749044447234184,0.974974639487989,13.856380838336367,0.0006704589380233576,0.9958492950959639,0.4723288082715237,1.0,0.08215693136056264,0.9999999963875973,0.14052306205937357,1.0,0.7229340401562777,1.0,0.01327267877588218,0.9999999963875973,0.9938665556185173,0.4848484992980957,1.240733594605417,1.304684413201881,0.35185197266665375,1.3090629613760747,0.9442893176367788,0.9442893176367788,0.027585552209833015,0.35752761002742883,0.9717158024961298,23.0,2.6,23.0,0.2395833432674408,0.4130655996727221,0.0500426029391361,0.021169232994769558,0.001736046792233758,14.611781149199516,0.0
thesis_m8_utgt_deploy_pure_eppcold_v1,Elliptic++ Transactions,ellipticpp_transactions,probe_epp_m8_pure_ap96_hybrid120_timew_hl20_f035_coldctx_v1,experiment/outputs/ellipticpp_transactions/training/models/m8_utgt/probe_epp_m8_pure_ap96_hybrid120_timew_hl20_f035_coldctx_v1/seed_42/epoch_metrics.csv,8,0.09454993271466458,0.0896809318977775,0.0,0.06788626730893597,0.003062690749312892,0.0,0.0,0.0,1.7789354773633408e-06,0.023189555670162947,0.059656468304720794,0.034809403153931426,0.8702350788482855,0.0,0.0,0.1,0.0,0.0,1.0,0.6948298781970547,0.18015764443710125,0.08084898771978753,16084,4021,12063,10704,0,0.25,23262,27652,0.0,6353.545454545455,7102.181818181818,36.44295270515211,18426.955636689156,1.5230064608834006,7,0.0003,3.0,0.9789241082740553,1.2720424659324414,1.6078186324148467,0.2729750397530469,0.029641073874451897,0.0,1.7789354773633408e-06,0.4176540519251968,1.0808594913193674,13.759853998819986,0.9819569316777316,13.856375607577236,0.0006211473982230845,0.9958048318371628,0.4720323952761563,1.0,0.062431479155114204,0.9999999963875973,0.09883275684533697,1.0,0.8001974098610155,1.0,0.010262998074970463,0.9999999963875973,0.9944508093776125,0.4848484992980957,1.0708061095440027,1.2607544534134143,0.39776042465007666,1.3377371737451265,0.9649733792651783,0.9649733792651783,0.023189555670162947,0.31809934973716736,0.7553822235627607,22.4,2.6,23.0,0.2364583432674408,0.41316680565024866,0.047632358855370316,0.021486418095953537,0.0018375180414736722,14.526194167859627,0.0
thesis_m8_utgt_deploy_pure_eppcold_v1,Elliptic++ Transactions,ellipticpp_transactions,probe_epp_m8_pure_ap96_hybrid120_timew_hl20_f035_coldctx_v1,experiment/outputs/ellipticpp_transactions/training/models/m8_utgt/probe_epp_m8_pure_ap96_hybrid120_timew_hl20_f035_coldctx_v1/seed_42/epoch_metrics.csv,9,0.08594319862172459,0.08063207668336955,0.0,0.06462348704085205,0.0031692439859563656,0.0,0.0,0.0,7.862422773652008e-05,0.022640421120961422,0.08576365221630443,0.03555213377621955,0.8888033444054887,0.0,0.0,0.1,0.09448815892534645,0.9448815892534644,1.0,0.6852352807639889,0.1815186501263603,0.07783694279463603,16084,4021,12063,10704,0,0.25,23262,27652,0.0,6385.30303030303,7139.181818181818,37.33571127689246,19196.46317175663,1.8647017641500994,7,0.0003,3.0,1.2194250207958799,1.3722373969627149,1.7992926980509902,0.2873479714899352,0.039742325178601524,0.0,7.862422773652008e-05,0.422433589444016,1.080047141421925,13.76673767783425,0.9830455653595201,13.856383179173324,0.0006358642113451479,0.9955938819682959,0.4706260020082647,1.0,0.05784158064334682,0.9999999963875973,0.12678365431951755,1.0,0.7846752242608503,1.0,0.008854474180914236,0.9999999963875973,0.9952769405914076,0.4848484992980957,1.2521063667355161,1.3212515332482078,1.3119181024305748,1.3235537319472341,0.9547421878034418,0.9547421878034418,0.022640421120961422,0.3417578167987592,1.1835444154161396,23.0,2.6,23.0,0.2395833432674408,0.4129245768893849,0.050565649162639274,0.02134597786899769,0.0018247746347421498,14.678586873141201,0.0
thesis_m8_utgt_deploy_pure_eppcold_v1,Elliptic++ Transactions,ellipticpp_transactions,probe_epp_m8_pure_ap96_hybrid120_timew_hl20_f035_coldctx_v1,experiment/outputs/ellipticpp_transactions/training/models/m8_utgt/probe_epp_m8_pure_ap96_hybrid120_timew_hl20_f035_coldctx_v1/seed_42/epoch_metrics.csv,10,0.07044522554585428,0.06641230873312011,0.0,0.0507017457575509,0.0026666395591967034,0.0,0.0,0.0,4.0823678401383484e-07,0.02186440132032713,0.04988322203809565,0.035672522577742304,0.8918130644435576,0.0,0.0,0.1,0.19005817000767214,0.9502908500383607,1.0,0.7300379740495178,0.18049132548501756,0.0962879635990709,16084,4021,12063,10704,0,0.25,23262,27652,0.0,6315.090909090909,7061.30303030303,37.40966993389708,14060.300918116714,1.8678374164032214,7,0.0003,3.0,1.0044764244195186,1.39316125349565,1.5181750926104458,0.3055863073377898,0.0306714176002777,0.0,4.0823678401383484e-07,0.3995686164408019,1.0858763275724468,13.775072184475986,0.9842285062327529,13.856379653468277,0.0006179649472786961,0.9958261088891462,0.47217414144313696,1.0,0.045930808861598824,0.9999999963875973,0.08805102279240434,1.0,0.8553179791479399,1.0,0.0073677154582445364,0.9999999963875973,0.995200393777905,0.4848484992980957,1.0593738700404312,1.311334653334184,1.979015628496806,1.3227474039251155,0.9541605385867032,0.9541605385867032,0.02186440132032713,0.3506650951775638,0.9655077005877639,21.2,2.6,23.0,0.2302083432674408,0.4127642105926167,0.047728457459897705,0.021391731489336853,0.0018339829702833385,14.41961314461448,0.0
